State,Number of CoCs,"Overall Homeless, 2015","Overall Homeless - Under 18, 2015","Overall Homeless - Age 18 to 24, 2015","Overall Homeless - Over 24, 2015","Overall Homeless - Female, 2015","Overall Homeless - Male, 2015","Overall Homeless - Transgender, 2015","Overall Homeless - Non-Hispanic/Non-Latino, 2015","Overall Homeless - Hispanic/Latino, 2015","Overall Homeless - White, 2015","Overall Homeless - Black or African American, 2015","Overall Homeless - Asian, 2015","Overall Homeless - American Indian or Alaska Native, 2015","Overall Homeless - Native Hawaiian or Other Pacific Islander, 2015","Overall Homeless - Multiple Races, 2015","Sheltered ES Homeless, 2015","Sheltered ES Homeless - Under 18, 2015","Sheltered ES Homeless - Age 18 to 24, 2015","Sheltered ES Homeless - Over 24, 2015","Sheltered ES Homeless - Female, 2015","Sheltered ES Homeless - Male, 2015","Sheltered ES Homeless - Transgender, 2015","Sheltered ES Homeless - Non-Hispanic/Non-Latino, 2015","Sheltered ES Homeless - Hispanic/Latino, 2015","Sheltered ES Homeless - White, 2015","Sheltered ES Homeless - Black or African American, 2015","Sheltered ES Homeless - Asian, 2015","Sheltered ES Homeless - American Indian or Alaska Native, 2015","Sheltered ES Homeless - Native Hawaiian or Other Pacific Islander, 2015","Sheltered ES Homeless - Multiple Races, 2015","Sheltered TH Homeless, 2015","Sheltered TH Homeless - Under 18, 2015","Sheltered TH Homeless - Age 18 to 24, 2015","Sheltered TH Homeless - Over 24, 2015","Sheltered TH Homeless - Female, 2015","Sheltered TH Homeless - Male, 2015","Sheltered TH Homeless - Transgender, 2015","Sheltered TH Homeless - Non-Hispanic/Non-Latino, 2015","Sheltered TH Homeless - Hispanic/Latino, 2015","Sheltered TH Homeless - White, 2015","Sheltered TH Homeless - Black or African American, 2015","Sheltered TH Homeless - Asian, 2015","Sheltered TH Homeless - American Indian or Alaska Native, 2015","Sheltered TH Homeless - Native Hawaiian or Other Pacific Islander, 2015","Sheltered TH Homeless - Multiple Races, 2015","Sheltered SH Homeless, 2015","Sheltered SH Homeless - Age 18 to 24, 2015","Sheltered SH Homeless - Over 24, 2015","Sheltered SH Homeless - Female, 2015","Sheltered SH Homeless - Male, 2015","Sheltered SH Homeless - Transgender, 2015","Sheltered SH Homeless - Non-Hispanic/Non-Latino, 2015","Sheltered SH Homeless - Hispanic/Latino, 2015","Sheltered SH Homeless - White, 2015","Sheltered SH Homeless - Black or African American, 2015","Sheltered SH Homeless - Asian, 2015","Sheltered SH Homeless - American Indian or Alaska Native, 2015","Sheltered SH Homeless - Native Hawaiian or Other Pacific Islander, 2015","Sheltered SH Homeless - Multiple Races, 2015","Sheltered Total Homeless, 2015","Sheltered Total Homeless - Under 18, 2015","Sheltered Total Homeless - Age 18 to 24, 2015","Sheltered Total Homeless - Over 24, 2015","Sheltered Total Homeless - Female, 2015","Sheltered Total Homeless - Male, 2015","Sheltered Total Homeless - Transgender, 2015","Sheltered Total Homeless - Non-Hispanic/Non-Latino, 2015","Sheltered Total Homeless - Hispanic/Latino, 2015","Sheltered Total Homeless - White, 2015","Sheltered Total Homeless - Black or African American, 2015","Sheltered Total Homeless - Asian, 2015","Sheltered Total Homeless - American Indian or Alaska Native, 2015","Sheltered Total Homeless - Native Hawaiian or Other Pacific Islander, 2015","Sheltered Total Homeless - Multiple Races, 2015","Unsheltered Homeless, 2015","Unsheltered Homeless - Under 18, 2015","Unsheltered Homeless - Age 18 to 24, 2015","Unsheltered Homeless - Over 24, 2015","Unsheltered Homeless - Female, 2015","Unsheltered Homeless - Male, 2015","Unsheltered Homeless - Transgender, 2015","Unsheltered Homeless - Non-Hispanic/Non-Latino, 2015","Unsheltered Homeless - Hispanic/Latino, 2015","Unsheltered Homeless - White, 2015","Unsheltered Homeless - Black or African American, 2015","Unsheltered Homeless - Asian, 2015","Unsheltered Homeless - American Indian or Alaska Native, 2015","Unsheltered Homeless - Native Hawaiian or Other Pacific Islander, 2015","Unsheltered Homeless - Multiple Races, 2015","Overall Homeless Individuals, 2015","Overall Homeless Individuals - Under 18, 2015","Overall Homeless Individuals - Age 18 to 24, 2015","Overall Homeless Individuals - Over 24, 2015","Overall Homeless Individuals - Female, 2015","Overall Homeless Individuals - Male, 2015","Overall Homeless Individuals - Transgender, 2015","Overall Homeless Individuals - Non-Hispanic/Non-Latino, 2015","Overall Homeless Individuals - Hispanic/Latino, 2015","Overall Homeless Individuals - White, 2015","Overall Homeless Individuals - Black or African American, 2015","Overall Homeless Individuals - Asian, 2015","Overall Homeless Individuals - American Indian or Alaska Native, 2015","Overall Homeless Individuals - Native Hawaiian or Other Pacific Islander, 2015","Overall Homeless Individuals - Multiple Races, 2015","Sheltered ES Homeless Individuals, 2015","Sheltered ES Homeless Individuals - Under 18, 2015","Sheltered ES Homeless Individuals - Age 18 to 24, 2015","Sheltered ES Homeless Individuals - Over 24, 2015","Sheltered ES Homeless Individuals - Female, 2015","Sheltered ES Homeless Individuals - Male, 2015","Sheltered ES Homeless Individuals - Transgender, 2015","Sheltered ES Homeless Individuals - Non-Hispanic/Non-Latino, 2015","Sheltered ES Homeless Individuals - Hispanic/Latino, 2015","Sheltered ES Homeless Individuals - White, 2015","Sheltered ES Homeless Individuals - Black or African American, 2015","Sheltered ES Homeless Individuals - Asian, 2015","Sheltered ES Homeless Individuals - American Indian or Alaska Native, 2015","Sheltered ES Homeless Individuals - Native Hawaiian or Other Pacific Islander, 2015","Sheltered ES Homeless Individuals - Multiple Races, 2015","Sheltered TH Homeless Individuals, 2015","Sheltered TH Homeless Individuals - Under 18, 2015","Sheltered TH Homeless Individuals - Age 18 to 24, 2015","Sheltered TH Homeless Individuals - Over 24, 2015","Sheltered TH Homeless Individuals - Female, 2015","Sheltered TH Homeless Individuals - Male, 2015","Sheltered TH Homeless Individuals - Transgender, 2015","Sheltered TH Homeless Individuals - Non-Hispanic/Non-Latino, 2015","Sheltered TH Homeless Individuals - Hispanic/Latino, 2015","Sheltered TH Homeless Individuals - White, 2015","Sheltered TH Homeless Individuals - Black or African American, 2015","Sheltered TH Homeless Individuals - Asian, 2015","Sheltered TH Homeless Individuals - American Indian or Alaska Native, 2015","Sheltered TH Homeless Individuals - Native Hawaiian or Other Pacific Islander, 2015","Sheltered TH Homeless Individuals - Multiple Races, 2015","Sheltered SH Homeless Individuals, 2015","Sheltered SH Homeless Individuals - Age 18 to 24, 2015","Sheltered SH Homeless Individuals - Over 24, 2015","Sheltered SH Homeless Individuals - Female, 2015","Sheltered SH Homeless Individuals - Male, 2015","Sheltered SH Homeless Individuals - Transgender, 2015","Sheltered SH Homeless Individuals - Non-Hispanic/Non-Latino, 2015","Sheltered SH Homeless Individuals - Hispanic/Latino, 2015","Sheltered SH Homeless Individuals - White, 2015","Sheltered SH Homeless Individuals - Black or African American, 2015","Sheltered SH Homeless Individuals - Asian, 2015","Sheltered SH Homeless Individuals - American Indian or Alaska Native, 2015","Sheltered SH Homeless Individuals - Native Hawaiian or Other Pacific Islander, 2015","Sheltered SH Homeless Individuals - Multiple Races, 2015","Sheltered Total Homeless Individuals, 2015","Sheltered Total Homeless Individuals - Under 18, 2015","Sheltered Total Homeless Individuals - Age 18 to 24, 2015","Sheltered Total Homeless Individuals - Over 24, 2015","Sheltered Total Homeless Individuals - Female, 2015","Sheltered Total Homeless Individuals - Male, 2015","Sheltered Total Homeless Individuals - Transgender, 2015","Sheltered Total Homeless Individuals - Non-Hispanic/Non-Latino, 2015","Sheltered Total Homeless Individuals - Hispanic/Latino, 2015","Sheltered Total Homeless Individuals - White, 2015","Sheltered Total Homeless Individuals - Black or African American, 2015","Sheltered Total Homeless Individuals - Asian, 2015","Sheltered Total Homeless Individuals - American Indian or Alaska Native, 2015","Sheltered Total Homeless Individuals - Native Hawaiian or Other Pacific Islander, 2015","Sheltered Total Homeless Individuals - Multiple Races, 2015","Unsheltered Homeless Individuals, 2015","Unsheltered Homeless Individuals - Under 18, 2015","Unsheltered Homeless Individuals - Age 18 to 24, 2015","Unsheltered Homeless Individuals - Over 24, 2015","Unsheltered Homeless Individuals - Female, 2015","Unsheltered Homeless Individuals - Male, 2015","Unsheltered Homeless Individuals - Transgender, 2015","Unsheltered Homeless Individuals - Non-Hispanic/Non-Latino, 2015","Unsheltered Homeless Individuals - Hispanic/Latino, 2015","Unsheltered Homeless Individuals - White, 2015","Unsheltered Homeless Individuals - Black or African American, 2015","Unsheltered Homeless Individuals - Asian, 2015","Unsheltered Homeless Individuals - American Indian or Alaska Native, 2015","Unsheltered Homeless Individuals - Native Hawaiian or Other Pacific Islander, 2015","Unsheltered Homeless Individuals - Multiple Races, 2015","Overall Homeless People in Families, 2015","Overall Homeless People in Families - Under 18, 2015","Overall Homeless People in Families - Age 18 to 24, 2015","Overall Homeless People in Families - Over 24, 2015","Overall Homeless People in Families - Female, 2015","Overall Homeless People in Families - Male, 2015","Overall Homeless People in Families - Transgender, 2015","Overall Homeless People in Families - Non-Hispanic/Non-Latino, 2015","Overall Homeless People in Families - Hispanic/Latino, 2015","Overall Homeless People in Families - White, 2015","Overall Homeless People in Families - Black or African American, 2015","Overall Homeless People in Families - Asian, 2015","Overall Homeless People in Families - American Indian or Alaska Native, 2015","Overall Homeless People in Families - Native Hawaiian or Other Pacific Islander, 2015","Overall Homeless People in Families - Multiple Races, 2015","Sheltered ES Homeless People in Families, 2015","Sheltered ES Homeless People in Families - Under 18, 2015","Sheltered ES Homeless People in Families - Age 18 to 24, 2015","Sheltered ES Homeless People in Families - Over 24, 2015","Sheltered ES Homeless People in Families - Female, 2015","Sheltered ES Homeless People in Families - Male, 2015","Sheltered ES Homeless People in Families - Transgender, 2015","Sheltered ES Homeless People in Families - Non-Hispanic/Non-Latino, 2015","Sheltered ES Homeless People in Families - Hispanic/Latino, 2015","Sheltered ES Homeless People in Families - White, 2015","Sheltered ES Homeless People in Families - Black or African American, 2015","Sheltered ES Homeless People in Families - Asian, 2015","Sheltered ES Homeless People in Families - American Indian or Alaska Native, 2015","Sheltered ES Homeless People in Families - Native Hawaiian or Other Pacific Islander, 2015","Sheltered ES Homeless People in Families - Multiple Races, 2015","Sheltered TH Homeless People in Families, 2015","Sheltered TH Homeless People in Families - Under 18, 2015","Sheltered TH Homeless People in Families - Age 18 to 24, 2015","Sheltered TH Homeless People in Families - Over 24, 2015","Sheltered TH Homeless People in Families - Female, 2015","Sheltered TH Homeless People in Families - Male, 2015","Sheltered TH Homeless People in Families - Transgender, 2015","Sheltered TH Homeless People in Families - Non-Hispanic/Non-Latino, 2015","Sheltered TH Homeless People in Families - Hispanic/Latino, 2015","Sheltered TH Homeless People in Families - White, 2015","Sheltered TH Homeless People in Families - Black or African American, 2015","Sheltered TH Homeless People in Families - Asian, 2015","Sheltered TH Homeless People in Families - American Indian or Alaska Native, 2015","Sheltered TH Homeless People in Families - Native Hawaiian or Other Pacific Islander, 2015","Sheltered TH Homeless People in Families - Multiple Races, 2015","Sheltered Total Homeless People in Families, 2015","Sheltered Total Homeless People in Families - Under 18, 2015","Sheltered Total Homeless People in Families - Age 18 to 24, 2015","Sheltered Total Homeless People in Families - Over 24, 2015","Sheltered Total Homeless People in Families - Female, 2015","Sheltered Total Homeless People in Families - Male, 2015","Sheltered Total Homeless People in Families - Transgender, 2015","Sheltered Total Homeless People in Families - Non-Hispanic/Non-Latino, 2015","Sheltered Total Homeless People in Families - Hispanic/Latino, 2015","Sheltered Total Homeless People in Families - White, 2015","Sheltered Total Homeless People in Families - Black or African American, 2015","Sheltered Total Homeless People in Families - Asian, 2015","Sheltered Total Homeless People in Families - American Indian or Alaska Native, 2015","Sheltered Total Homeless People in Families - Native Hawaiian or Other Pacific Islander, 2015","Sheltered Total Homeless People in Families - Multiple Races, 2015","Unsheltered Homeless People in Families, 2015","Unsheltered Homeless People in Families - Under 18, 2015","Unsheltered Homeless People in Families - Age 18 to 24, 2015","Unsheltered Homeless People in Families - Over 24, 2015","Unsheltered Homeless People in Families - Female, 2015","Unsheltered Homeless People in Families - Male, 2015","Unsheltered Homeless People in Families - Transgender, 2015","Unsheltered Homeless People in Families - Non-Hispanic/Non-Latino, 2015","Unsheltered Homeless People in Families - Hispanic/Latino, 2015","Unsheltered Homeless People in Families - White, 2015","Unsheltered Homeless People in Families - Black or African American, 2015","Unsheltered Homeless People in Families - Asian, 2015","Unsheltered Homeless People in Families - American Indian or Alaska Native, 2015","Unsheltered Homeless People in Families - Native Hawaiian or Other Pacific Islander, 2015","Unsheltered Homeless People in Families - Multiple Races, 2015","Overall Homeless Family Households, 2015","Sheltered ES Homeless Family Households, 2015","Sheltered TH Homeless Family Households, 2015","Sheltered Total Homeless Family Households, 2015","Unsheltered Homeless Family Households, 2015","Overall Chronically Homeless, 2015","Sheltered ES Chronically Homeless, 2015","Sheltered SH Chronically Homeless, 2015","Sheltered Total Chronically Homeless, 2015","Unsheltered Chronically Homeless, 2015","Overall Chronically Homeless Individuals, 2015","Sheltered ES Chronically Homeless Individuals, 2015","Sheltered SH Chronically Homeless Individuals, 2015","Sheltered Total Chronically Homeless Individuals, 2015","Unsheltered Chronically Homeless Individuals, 2015","Overall Chronically Homeless People in Families, 2015","Sheltered ES Chronically Homeless People in Families, 2015","Sheltered Total Chronically Homeless People in Families, 2015","Unsheltered Chronically Homeless People in Families, 2015","Overall Homeless Veterans, 2015","Overall Homeless Veterans - Female, 2015","Overall Homeless Veterans - Male, 2015","Overall Homeless Veterans - Transgender, 2015","Overall Homeless Veterans - Non-Hispanic/Non-Latino, 2015","Overall Homeless Veterans - Hispanic/Latino, 2015","Overall Homeless Veterans - White, 2015","Overall Homeless Veterans - Black or African American, 2015","Overall Homeless Veterans - Asian, 2015","Overall Homeless Veterans - American Indian or Alaska Native, 2015","Overall Homeless Veterans - Native Hawaiian or Other Pacific Islander, 2015","Overall Homeless Veterans - Multiple Races, 2015","Sheltered ES Homeless Veterans, 2015","Sheltered ES Homeless Veterans - Female, 2015","Sheltered ES Homeless Veterans - Male, 2015","Sheltered ES Homeless Veterans - Transgender, 2015","Sheltered ES Homeless Veterans - Non-Hispanic/Non-Latino, 2015","Sheltered ES Homeless Veterans - Hispanic/Latino, 2015","Sheltered ES Homeless Veterans - White, 2015","Sheltered ES Homeless Veterans - Black or African American, 2015","Sheltered ES Homeless Veterans - Asian, 2015","Sheltered ES Homeless Veterans - American Indian or Alaska Native, 2015","Sheltered ES Homeless Veterans - Native Hawaiian or Other Pacific Islander, 2015","Sheltered ES Homeless Veterans - Multiple Races, 2015","Sheltered TH Homeless Veterans, 2015","Sheltered TH Homeless Veterans - Female, 2015","Sheltered TH Homeless Veterans - Male, 2015","Sheltered TH Homeless Veterans - Transgender, 2015","Sheltered TH Homeless Veterans - Non-Hispanic/Non-Latino, 2015","Sheltered TH Homeless Veterans - Hispanic/Latino, 2015","Sheltered TH Homeless Veterans - White, 2015","Sheltered TH Homeless Veterans - Black or African American, 2015","Sheltered TH Homeless Veterans - Asian, 2015","Sheltered TH Homeless Veterans - American Indian or Alaska Native, 2015","Sheltered TH Homeless Veterans - Native Hawaiian or Other Pacific Islander, 2015","Sheltered TH Homeless Veterans - Multiple Races, 2015","Sheltered SH Homeless Veterans, 2015","Sheltered SH Homeless Veterans - Female, 2015","Sheltered SH Homeless Veterans - Male, 2015","Sheltered SH Homeless Veterans - Transgender, 2015","Sheltered SH Homeless Veterans - Non-Hispanic/Non-Latino, 2015","Sheltered SH Homeless Veterans - Hispanic/Latino, 2015","Sheltered SH Homeless Veterans - White, 2015","Sheltered SH Homeless Veterans - Black or African American, 2015","Sheltered SH Homeless Veterans - Asian, 2015","Sheltered SH Homeless Veterans - American Indian or Alaska Native, 2015","Sheltered SH Homeless Veterans - Native Hawaiian or Other Pacific Islander, 2015","Sheltered SH Homeless Veterans - Multiple Races, 2015","Sheltered Total Homeless Veterans, 2015","Sheltered Total Homeless Veterans - Female, 2015","Sheltered Total Homeless Veterans - Male, 2015","Sheltered Total Homeless Veterans - Transgender, 2015","Sheltered Total Homeless Veterans - Non-Hispanic/Non-Latino, 2015","Sheltered Total Homeless Veterans - Hispanic/Latino, 2015","Sheltered Total Homeless Veterans - White, 2015","Sheltered Total Homeless Veterans - Black or African American, 2015","Sheltered Total Homeless Veterans - Asian, 2015","Sheltered Total Homeless Veterans - American Indian or Alaska Native, 2015","Sheltered Total Homeless Veterans - Native Hawaiian or Other Pacific Islander, 2015","Sheltered Total Homeless Veterans - Multiple Races, 2015","Unsheltered Homeless Veterans, 2015","Unsheltered Homeless Veterans - Female, 2015","Unsheltered Homeless Veterans - Male, 2015","Unsheltered Homeless Veterans - Transgender, 2015","Unsheltered Homeless Veterans - Non-Hispanic/Non-Latino, 2015","Unsheltered Homeless Veterans - Hispanic/Latino, 2015","Unsheltered Homeless Veterans - White, 2015","Unsheltered Homeless Veterans - Black or African American, 2015","Unsheltered Homeless Veterans - Asian, 2015","Unsheltered Homeless Veterans - American Indian or Alaska Native, 2015","Unsheltered Homeless Veterans - Native Hawaiian or Other Pacific Islander, 2015","Unsheltered Homeless Veterans - Multiple Races, 2015","Overall Homeless Unaccompanied Youth (Under 25), 2015","Sheltered ES Homeless Unaccompanied Youth (Under 25), 2015","Sheltered TH Homeless Unaccompanied Youth (Under 25), 2015","Sheltered SH Homeless Unaccompanied Youth (Under 25), 2015","Sheltered Total Homeless Unaccompanied Youth (Under 25), 2015","Unsheltered Homeless Unaccompanied Youth (Under 25), 2015","Overall Homeless Unaccompanied Youth Under 18, 2015","Sheltered ES Homeless Unaccompanied Youth Under 18, 2015","Sheltered TH Homeless Unaccompanied Youth Under 18, 2015","Sheltered SH Homeless Unaccompanied Youth Under 18, 2015","Sheltered Total Homeless Unaccompanied Youth Under 18, 2015","Unsheltered Homeless Unaccompanied Youth Under 18, 2015","Overall Homeless Unaccompanied Youth Age 18-24, 2015","Sheltered ES Homeless Unaccompanied Youth Age 18-24, 2015","Sheltered TH Homeless Unaccompanied Youth Age 18-24, 2015","Sheltered SH Homeless Unaccompanied Youth Age 18-24, 2015","Sheltered Total Homeless Unaccompanied Youth Age 18-24, 2015","Unsheltered Homeless Unaccompanied Youth Age 18-24, 2015","Overall Homeless Parenting Youth (Under 25), 2015","Sheltered ES Homeless Parenting Youth (Under 25), 2015","Sheltered TH Homeless Parenting Youth (Under 25), 2015","Sheltered Total Homeless Parenting Youth (Under 25), 2015","Unsheltered Homeless Parenting Youth (Under 25), 2015","Overall Homeless Parenting Youth Under 18, 2015","Sheltered ES Homeless Parenting Youth Under 18, 2015","Sheltered TH Homeless Parenting Youth Under 18, 2015","Sheltered Total Homeless Parenting Youth Under 18, 2015","Unsheltered Homeless Parenting Youth Under 18, 2015","Overall Homeless Parenting Youth Age 18-24, 2015","Sheltered ES Homeless Parenting Youth Age 18-24, 2015","Sheltered TH Homeless Parenting Youth Age 18-24, 2015","Sheltered Total Homeless Parenting Youth Age 18-24, 2015","Unsheltered Homeless Parenting Youth Age 18-24, 2015","Overall Homeless Children of Parenting Youth, 2015","Sheltered ES Homeless Children of Parenting Youth, 2015","Sheltered TH Homeless Children of Parenting Youth, 2015","Sheltered Total Homeless Children of Parenting Youth, 2015","Unsheltered Homeless Children of Parenting Youth, 2015"
AK,2,1956,411,197,1348,773,1181,2,1862,94,745,144,18,883,62,104,1127,243,101,783,449,677,1,1067,60,454,85,14,496,35,43,512,131,62,319,245,266,1,480,32,171,47,3,218,24,49,0,0,0,0,0,0,0,0,0,0,0,0,0,0,1639,374,163,1102,694,943,2,1547,92,625,132,17,714,59,92,317,37,34,246,79,238,0,315,2,120,12,1,169,3,12,1342,24,155,1163,395,945,2,1302,40,550,101,15,615,13,48,792,13,83,696,229,562,1,764,28,329,61,11,367,5,19,292,5,46,241,114,177,1,282,10,124,28,3,105,6,26,0,0,0,0,0,0,0,0,0,0,0,0,0,0,1084,18,129,937,343,739,2,1046,38,453,89,14,472,11,45,258,6,26,226,52,206,0,256,2,97,12,1,143,2,3,614,387,42,185,378,236,0,560,54,195,43,3,268,49,56,335,230,18,87,220,115,0,303,32,125,24,3,129,30,24,220,126,16,78,131,89,0,198,22,47,19,0,113,18,23,555,356,34,165,351,204,0,501,54,172,43,3,242,48,47,59,31,8,20,27,32,0,59,0,23,0,0,26,1,9,180,94,69,163,17,222,81,0,81,141,182,70,0,70,112,40,11,11,29,180,12,168,0,172,8,101,19,1,54,1,4,106,5,101,0,101,5,63,10,0,30,0,3,43,7,36,0,40,3,22,7,1,11,1,1,0,0,0,0,0,0,0,0,0,0,0,0,149,12,137,0,141,8,85,17,1,41,1,4,31,0,31,0,31,0,16,2,0,13,0,0,155,79,44,0,123,32,24,13,5,0,18,6,131,66,39,0,105,26,18,8,10,18,0,0,0,0,0,0,18,8,10,18,0,21,9,12,21,0
AL,8,3970,716,271,2983,1532,2427,11,3901,69,1813,2090,5,19,1,42,1574,286,114,1174,647,924,3,1545,29,719,821,5,11,0,18,1349,280,75,994,539,809,1,1323,26,701,639,0,1,1,7,20,0,20,6,14,0,20,0,10,10,0,0,0,0,2943,566,189,2188,1192,1747,4,2888,55,1430,1470,5,12,1,25,1027,150,82,795,340,680,7,1013,14,383,620,0,7,0,17,2868,45,217,2606,837,2021,10,2817,51,1413,1411,2,17,0,25,1146,27,91,1028,374,769,3,1122,24,522,604,2,9,0,9,910,6,56,848,251,659,0,897,13,543,365,0,1,0,1,20,0,20,6,14,0,20,0,10,10,0,0,0,0,2076,33,147,1896,631,1442,3,2039,37,1075,979,2,10,0,10,792,12,70,710,206,579,7,778,14,338,432,0,7,0,15,1102,671,54,377,695,406,1,1084,18,400,679,3,2,1,17,428,259,23,146,273,155,0,423,5,197,217,3,2,0,9,439,274,19,146,288,150,1,426,13,158,274,0,0,1,6,867,533,42,292,561,305,1,849,18,355,491,3,2,1,15,235,138,12,85,134,101,0,235,0,45,188,0,0,0,2,360,140,147,287,73,607,166,2,168,439,557,155,2,157,400,50,11,11,39,474,26,447,1,465,9,203,261,0,5,0,5,211,17,193,1,207,4,94,112,0,5,0,0,187,7,180,0,183,4,69,115,0,0,0,3,1,0,1,0,1,0,1,0,0,0,0,0,399,24,374,1,391,8,164,227,0,5,0,3,75,2,73,0,74,1,39,34,0,0,0,2,228,115,53,0,168,60,32,25,2,0,27,5,196,90,51,0,141,55,25,10,11,21,4,5,3,2,5,0,20,7,9,16,4,35,12,17,29,6
AR,7,2560,417,243,1900,978,1582,0,2143,417,1543,903,7,32,29,46,1161,254,77,830,464,697,0,914,247,704,370,5,23,28,31,515,95,47,373,227,288,0,452,63,339,166,0,2,0,8,2,0,2,2,0,0,2,0,2,0,0,0,0,0,1678,349,124,1205,693,985,0,1368,310,1045,536,5,25,28,39,882,68,119,695,285,597,0,775,107,498,367,2,7,1,7,1833,19,188,1626,576,1257,0,1638,195,1045,736,3,20,7,22,722,17,57,648,245,477,0,650,72,424,266,1,13,6,12,365,2,38,325,128,237,0,349,16,238,124,0,0,0,3,2,0,2,2,0,0,2,0,2,0,0,0,0,0,1089,19,95,975,375,714,0,1001,88,664,390,1,13,6,15,744,0,93,651,201,543,0,637,107,381,346,2,7,1,7,727,398,55,274,402,325,0,505,222,498,167,4,12,22,24,439,237,20,182,219,220,0,264,175,280,104,4,10,22,19,150,93,9,48,99,51,0,103,47,101,42,0,2,0,5,589,330,29,230,318,271,0,367,222,381,146,4,12,22,24,138,68,26,44,84,54,0,138,0,117,21,0,0,0,0,240,145,53,198,42,623,319,0,319,304,524,234,0,234,290,99,85,85,14,456,104,352,0,365,91,295,143,0,12,4,2,246,90,156,0,241,5,175,56,0,11,3,1,139,9,130,0,56,83,84,53,0,1,0,1,0,0,0,0,0,0,0,0,0,0,0,0,385,99,286,0,297,88,259,109,0,12,3,2,71,5,66,0,68,3,36,34,0,0,1,0,188,57,38,0,95,93,0,0,0,0,0,0,188,57,38,0,95,93,22,17,5,22,0,0,0,0,0,0,22,17,5,22,0,20,10,10,20,0
AZ,3,9896,2124,824,6948,3966,5916,14,7516,2380,6697,1761,57,849,57,475,3395,829,231,2335,1486,1905,4,2569,826,2161,681,22,337,10,184,3504,1193,364,1947,1642,1860,2,2496,1008,2252,795,13,184,28,232,40,0,40,11,29,0,28,12,31,5,0,1,0,3,6939,2022,595,4322,3139,3794,6,5093,1846,4444,1481,35,522,38,419,2957,102,229,2626,827,2122,8,2423,534,2253,280,22,327,19,56,6548,92,573,5883,1952,4582,14,5375,1173,4797,962,49,506,44,190,2147,77,153,1917,726,1417,4,1762,385,1432,413,19,188,8,87,1637,11,226,1400,507,1128,2,1349,288,1212,271,10,66,17,61,40,0,40,11,29,0,28,12,31,5,0,1,0,3,3824,88,379,3357,1244,2574,6,3139,685,2675,689,29,255,25,151,2724,4,194,2526,708,2008,8,2236,488,2122,273,20,251,19,39,3348,2032,251,1065,2014,1334,0,2141,1207,1900,799,8,343,13,285,1248,752,78,418,760,488,0,807,441,729,268,3,149,2,97,1867,1182,138,547,1135,732,0,1147,720,1040,524,3,118,11,171,3115,1934,216,965,1895,1220,0,1954,1161,1769,792,6,267,13,268,233,98,35,100,119,114,0,187,46,131,7,2,76,0,17,1002,378,559,937,65,1366,323,21,344,1022,1246,276,21,297,949,120,47,47,73,1220,162,1056,2,809,411,907,154,10,107,5,37,227,9,218,0,204,23,154,41,4,20,1,7,442,34,407,1,386,56,322,79,2,19,3,17,3,0,3,0,1,2,3,0,0,0,0,0,672,43,628,1,591,81,479,120,6,39,4,24,548,119,428,1,218,330,428,34,4,68,1,13,621,218,232,0,450,171,83,68,11,0,79,4,538,150,221,0,371,167,166,44,112,156,10,6,1,5,6,0,160,43,107,150,10,194,51,134,185,9
CA,43,115738,13657,11645,90436,38676,76545,517,84183,31555,64340,32262,2146,4762,1225,11003,22750,4918,1473,16359,9412,13253,85,15608,7142,12799,6969,419,848,305,1410,19128,5539,2219,11370,8430,10637,61,12676,6452,11260,5421,350,604,323,1170,161,3,158,68,91,2,139,22,106,46,2,2,0,5,42039,10457,3695,27887,17910,23981,148,28423,13616,24165,12436,771,1454,628,2585,73699,3200,7950,62549,20766,52564,369,55760,17939,40175,19826,1375,3308,597,8418,93156,868,9865,82423,25423,67260,473,70630,22526,52371,25402,1783,3632,898,9070,14735,187,849,13699,4628,10026,81,11131,3604,8417,4447,260,560,200,851,9947,56,1409,8482,2820,7078,49,7709,2238,5952,3021,165,218,125,466,161,3,158,68,91,2,139,22,106,46,2,2,0,5,24843,243,2261,22339,7516,17195,132,18979,5864,14475,7514,427,780,325,1322,68313,625,7604,60084,17907,50065,341,51651,16662,37896,17888,1356,2852,573,7748,22582,12789,1780,8013,13253,9285,44,13553,9029,11969,6860,363,1130,327,1933,8015,4731,624,2660,4784,3227,4,4477,3538,4382,2522,159,288,105,559,9181,5483,810,2888,5610,3559,12,4967,4214,5308,2400,185,386,198,704,17196,10214,1434,5548,10394,6786,16,9444,7752,9690,4922,344,674,303,1263,5386,2575,346,2465,2859,2499,28,4109,1277,2279,1938,19,456,24,670,7195,2592,3001,5593,1602,32227,4975,102,5077,27150,29178,4067,102,4169,25009,3049,908,908,2141,11311,1071,10192,48,9602,1709,6340,3135,129,442,104,1161,1940,160,1772,8,1693,247,1167,594,26,56,21,76,2337,214,2115,8,1998,339,1289,820,37,46,34,111,32,3,29,0,28,4,15,10,1,1,0,5,4309,377,3916,16,3719,590,2471,1424,64,103,55,192,7002,694,6276,32,5883,1119,3869,1711,65,339,49,969,10416,974,1487,3,2464,7952,892,172,88,0,260,632,9524,802,1399,3,2204,7320,854,234,536,770,84,11,2,9,11,0,843,232,527,759,84,1160,341,698,1039,121
CO,3,9953,2528,808,6617,3923,6012,18,7006,2947,6638,1948,90,477,34,766,3782,672,276,2834,1268,2504,10,2901,881,2432,756,31,219,18,326,3328,1433,231,1664,1667,1659,2,2221,1107,1945,970,46,140,11,216,24,1,23,23,0,1,20,4,14,5,0,2,1,2,7134,2105,508,4521,2958,4163,13,5142,1992,4391,1731,77,361,30,544,2819,423,300,2096,965,1849,5,1864,955,2247,217,13,116,4,222,5729,51,492,5186,1466,4246,17,4570,1159,4128,920,32,280,17,352,2630,14,181,2435,614,2006,10,2205,425,1762,497,13,146,9,203,1085,28,105,952,304,779,2,839,246,753,235,7,49,4,37,24,1,23,23,0,1,20,4,14,5,0,2,1,2,3739,42,287,3410,941,2785,13,3064,675,2529,737,20,197,14,242,1990,9,205,1776,525,1461,4,1506,484,1599,183,12,83,3,110,4224,2477,316,1431,2457,1766,1,2436,1788,2510,1028,58,197,17,414,1152,658,95,399,654,498,0,696,456,670,259,18,73,9,123,2243,1405,126,712,1363,880,0,1382,861,1192,735,39,91,7,179,3395,2063,221,1111,2017,1378,0,2078,1317,1862,994,57,164,16,302,829,414,95,320,440,388,1,358,471,648,34,1,33,1,112,1242,356,640,996,246,1877,858,24,882,995,1572,730,24,754,818,305,128,128,177,950,77,866,7,811,139,704,133,7,63,2,41,376,33,337,6,339,37,274,60,2,23,1,16,266,13,252,1,236,30,193,56,2,10,0,5,2,2,0,0,2,0,1,0,0,1,0,0,644,48,589,7,577,67,468,116,4,34,1,21,306,29,277,0,234,72,236,17,3,29,1,20,566,193,166,1,360,206,82,13,61,0,74,8,484,180,105,1,286,198,171,48,98,146,25,1,0,0,0,1,170,48,98,146,24,226,61,136,197,29
CT,3,4047,827,234,2986,1505,2535,7,2923,1124,2164,1570,38,50,124,101,2418,511,127,1780,925,1489,4,1652,766,1328,898,13,34,65,80,1003,296,73,634,451,550,2,745,258,447,459,11,8,59,19,0,0,0,0,0,0,0,0,0,0,0,0,0,0,3421,807,200,2414,1376,2039,6,2397,1024,1775,1357,24,42,124,99,626,20,34,572,129,496,1,526,100,389,213,14,8,0,2,2719,11,147,2561,632,2080,7,2106,613,1567,951,27,44,81,49,1615,11,85,1519,391,1220,4,1184,431,921,551,9,32,61,41,509,0,30,479,131,376,2,420,89,278,197,4,4,20,6,0,0,0,0,0,0,0,0,0,0,0,0,0,0,2124,11,115,1998,522,1596,6,1604,520,1199,748,13,36,81,47,595,0,32,563,110,484,1,502,93,368,203,14,8,0,2,1328,816,87,425,873,455,0,817,511,597,619,11,6,43,52,803,500,42,261,534,269,0,468,335,407,347,4,2,4,39,494,296,43,155,320,174,0,325,169,169,262,7,4,39,13,1297,796,85,416,854,443,0,793,504,576,609,11,6,43,52,31,20,2,9,19,12,0,24,7,21,10,0,0,0,0,456,271,174,445,11,583,278,0,278,305,538,240,0,240,298,45,38,38,7,282,23,258,1,245,37,154,116,4,2,4,2,80,8,72,0,71,9,41,38,0,0,0,1,161,13,147,1,142,19,92,60,2,2,4,1,0,0,0,0,0,0,0,0,0,0,0,0,241,21,219,1,213,28,133,98,2,2,4,2,41,2,39,0,32,9,21,18,2,0,0,0,124,70,22,0,92,32,11,11,0,0,11,0,113,59,22,0,81,32,43,24,17,41,2,0,0,0,0,0,43,24,17,41,2,65,36,27,63,2
DC,1,7298,2056,736,4506,3087,4198,13,6914,384,443,6595,62,28,12,158,5085,1453,498,3134,2062,3016,7,4881,204,224,4693,24,16,9,119,1669,603,221,845,917,746,6,1589,80,78,1535,24,5,2,25,0,0,0,0,0,0,0,0,0,0,0,0,0,0,6754,2056,719,3979,2979,3762,13,6470,284,302,6228,48,21,11,144,544,0,17,527,108,436,0,444,100,141,367,14,7,1,14,3821,7,193,3621,905,2905,11,3552,269,401,3239,35,24,8,114,2612,7,96,2509,560,2047,5,2463,149,208,2278,14,14,7,91,665,0,80,585,237,422,6,645,20,52,594,7,3,0,9,0,0,0,0,0,0,0,0,0,0,0,0,0,0,3277,7,176,3094,797,2469,11,3108,169,260,2872,21,17,7,100,544,0,17,527,108,436,0,444,100,141,367,14,7,1,14,3477,2049,543,885,2182,1293,2,3362,115,42,3356,27,4,4,44,2473,1446,402,625,1502,969,2,2418,55,16,2415,10,2,2,28,1004,603,141,260,680,324,0,944,60,26,941,17,2,2,16,3477,2049,543,885,2182,1293,2,3362,115,42,3356,27,4,4,44,0,0,0,0,0,0,0,0,0,0,0,0,0,0,0,1131,768,363,1131,0,1790,1470,0,1470,320,1593,1273,0,1273,320,197,197,197,0,408,43,365,0,390,18,62,332,4,6,1,3,247,30,217,0,240,7,32,205,2,5,1,2,119,9,110,0,112,7,18,99,1,0,0,1,0,0,0,0,0,0,0,0,0,0,0,0,366,39,327,0,352,14,50,304,3,5,1,3,42,4,38,0,38,4,12,28,1,1,0,0,200,103,80,0,183,17,7,7,0,0,7,0,193,96,80,0,176,17,366,262,104,366,0,0,0,0,0,0,366,262,104,366,0,544,385,159,544,0
DE,1,953,227,81,645,400,553,0,899,54,369,513,3,11,3,54,529,108,36,385,199,330,0,500,29,205,275,1,11,2,35,387,119,44,224,193,194,0,365,22,139,227,2,0,0,19,0,0,0,0,0,0,0,0,0,0,0,0,0,0,916,227,80,609,392,524,0,865,51,344,502,3,11,2,54,37,0,1,36,8,29,0,34,3,25,11,0,0,1,0,602,3,54,545,168,434,0,567,35,304,268,3,11,2,14,361,1,25,335,91,270,0,337,24,172,166,1,11,1,10,204,2,28,174,69,135,0,196,8,107,91,2,0,0,4,0,0,0,0,0,0,0,0,0,0,0,0,0,0,565,3,53,509,160,405,0,533,32,279,257,3,11,1,14,37,0,1,36,8,29,0,34,3,25,11,0,0,1,0,351,224,27,100,232,119,0,332,19,65,245,0,0,1,40,168,107,11,50,108,60,0,163,5,33,109,0,0,1,25,183,117,16,50,124,59,0,169,14,32,136,0,0,0,15,351,224,27,100,232,119,0,332,19,65,245,0,0,1,40,0,0,0,0,0,0,0,0,0,0,0,0,0,0,0,115,53,62,115,0,80,75,0,75,5,64,59,0,59,5,16,16,16,0,79,5,74,0,75,4,33,44,0,0,0,2,44,2,42,0,42,2,17,26,0,0,0,1,30,2,28,0,28,2,11,18,0,0,0,1,0,0,0,0,0,0,0,0,0,0,0,0,74,4,70,0,70,4,28,44,0,0,0,2,5,1,4,0,5,0,5,0,0,0,0,0,57,26,30,0,56,1,3,1,2,0,3,0,54,25,28,0,53,1,21,8,13,21,0,0,0,0,0,0,21,8,13,21,0,41,16,25,41,0
FL,27,35900,6539,2451,26910,12719,23122,59,30912,4988,20921,13165,122,376,112,1204,9894,2255,679,6960,3936,5951,7,8251,1643,5221,4192,45,55,31,350,8865,2394,687,5784,3691,5164,10,7558,1307,4768,3749,22,35,16,275,124,2,122,13,85,26,107,17,92,28,0,1,0,3,18883,4649,1368,12866,7640,11200,43,15916,2967,10081,7969,67,91,47,628,17017,1890,1083,14044,5079,11922,16,14996,2021,10840,5196,55,285,65,576,26325,616,1818,23891,6944,19323,58,23170,3155,16527,8525,89,342,87,755,6653,214,449,5990,1975,4671,7,5670,983,3885,2510,34,42,21,161,5256,115,443,4698,1384,3862,10,4702,554,3240,1845,11,29,10,121,124,2,122,13,85,26,107,17,92,28,0,1,0,3,12033,329,894,10810,3372,8618,43,10479,1554,7217,4383,45,72,31,285,14292,287,924,13081,3572,10705,15,12691,1601,9310,4142,44,270,56,470,9575,5923,633,3019,5775,3799,1,7742,1833,4394,4640,33,34,25,449,3241,2041,230,970,1961,1280,0,2581,660,1336,1682,11,13,10,189,3609,2279,244,1086,2307,1302,0,2856,753,1528,1904,11,6,6,154,6850,4320,474,2056,4268,2582,0,5437,1413,2864,3586,22,19,16,343,2725,1603,159,963,1507,1217,1,2305,420,1530,1054,11,15,9,106,3053,996,1111,2107,946,6540,1328,55,1383,5157,6021,1155,55,1210,4811,519,173,173,346,3926,288,3636,2,3664,262,2550,1222,10,49,9,86,834,47,787,0,772,62,506,295,3,7,3,20,1510,131,1377,2,1394,116,979,498,2,8,2,21,28,3,25,0,28,0,23,5,0,0,0,0,2372,181,2189,2,2194,178,1508,798,5,15,5,41,1554,107,1447,0,1470,84,1042,424,5,34,4,45,2371,654,551,2,1207,1164,593,207,114,0,321,272,1778,447,437,2,886,892,315,149,129,278,37,10,6,4,10,0,305,143,125,268,37,449,191,206,397,52
GA,9,13790,2500,812,10478,4878,8882,30,13089,701,4307,8955,40,30,51,407,3984,859,271,2854,1589,2381,14,3822,162,902,2954,7,5,3,113,4003,1174,232,2597,1699,2296,8,3777,226,1024,2808,13,9,3,146,0,0,0,0,0,0,0,0,0,0,0,0,0,0,7987,2033,503,5451,3288,4677,22,7599,388,1926,5762,20,14,6,259,5803,467,309,5027,1590,4205,8,5490,313,2381,3193,20,16,45,148,9702,9,607,9086,2338,7334,30,9323,379,3190,6175,30,22,48,237,2596,2,199,2395,686,1896,14,2506,90,614,1910,7,4,3,58,2187,3,127,2057,550,1629,8,2128,59,686,1462,3,2,0,34,0,0,0,0,0,0,0,0,0,0,0,0,0,0,4783,5,326,4452,1236,3525,22,4634,149,1300,3372,10,6,3,92,4919,4,281,4634,1102,3809,8,4689,230,1890,2803,20,16,45,145,4088,2491,205,1392,2540,1548,0,3766,322,1117,2780,10,8,3,170,1388,857,72,459,903,485,0,1316,72,288,1044,0,1,0,55,1816,1171,105,540,1149,667,0,1649,167,338,1346,10,7,3,112,3204,2028,177,999,2052,1152,0,2965,239,626,2390,10,8,3,167,884,463,28,393,488,396,0,801,83,491,390,0,0,0,3,1236,508,506,1014,222,2137,622,0,622,1515,1994,568,0,568,1426,143,54,54,89,1548,154,1394,0,1505,43,512,976,3,2,5,50,274,20,254,0,260,14,84,178,0,0,5,7,592,76,516,0,586,6,122,464,0,1,0,5,0,0,0,0,0,0,0,0,0,0,0,0,866,96,770,0,846,20,206,642,0,1,5,12,682,58,624,0,659,23,306,334,3,1,0,38,575,161,131,0,292,283,15,1,10,0,11,4,560,160,121,0,281,279,51,23,22,45,6,0,0,0,0,0,51,23,22,45,6,98,30,49,79,19
GU,1,1280,520,123,637,609,671,0,1274,6,11,4,46,1,1191,27,73,40,6,27,38,35,0,73,0,2,1,2,0,68,0,14,0,0,14,7,7,0,14,0,2,0,0,0,11,1,0,0,0,0,0,0,0,0,0,0,0,0,0,0,87,40,6,41,45,42,0,87,0,4,1,2,0,79,1,1193,480,117,596,564,629,0,1187,6,7,3,44,1,1112,26,306,1,23,282,113,193,0,302,4,11,4,22,1,260,8,9,1,0,8,2,7,0,9,0,2,1,2,0,4,0,14,0,0,14,7,7,0,14,0,2,0,0,0,11,1,0,0,0,0,0,0,0,0,0,0,0,0,0,0,23,1,0,22,9,14,0,23,0,4,1,2,0,15,1,283,0,23,260,104,179,0,279,4,7,3,20,1,245,7,974,519,100,355,496,478,0,972,2,0,0,24,0,931,19,64,39,6,19,36,28,0,64,0,0,0,0,0,64,0,0,0,0,0,0,0,0,0,0,0,0,0,0,0,0,64,39,6,19,36,28,0,64,0,0,0,0,0,64,0,910,480,94,336,460,450,0,908,2,0,0,24,0,867,19,180,14,0,14,166,153,0,0,0,153,27,0,0,0,27,126,0,0,126,23,0,23,0,23,0,5,1,0,0,16,1,0,0,0,0,0,0,0,0,0,0,0,0,1,0,1,0,1,0,1,0,0,0,0,0,0,0,0,0,0,0,0,0,0,0,0,0,1,0,1,0,1,0,1,0,0,0,0,0,22,0,22,0,22,0,4,1,0,0,16,1,7,1,0,0,1,6,1,1,0,0,1,0,6,0,0,0,0,6,12,0,0,0,12,0,0,0,0,0,12,0,0,0,12,10,0,0,0,10
HI,2,7620,1918,531,5171,3174,4426,20,6679,941,1852,263,477,95,2978,1955,1257,426,82,749,583,672,2,1129,128,234,59,81,5,514,364,2494,1039,159,1296,1222,1270,2,2133,361,389,69,132,26,923,955,26,0,26,14,12,0,25,1,7,3,3,0,2,11,3777,1465,241,2071,1819,1954,4,3287,490,630,131,216,31,1439,1330,3843,453,290,3100,1355,2472,16,3392,451,1222,132,261,64,1539,625,4307,22,303,3982,1345,2942,20,3795,512,1635,208,376,74,1128,886,541,8,31,502,191,348,2,477,64,199,38,60,3,82,159,676,0,39,637,217,457,2,605,71,273,48,81,13,81,180,26,0,26,14,12,0,25,1,7,3,3,0,2,11,1243,8,70,1165,422,817,4,1107,136,479,89,144,16,165,350,3064,14,233,2817,923,2125,16,2688,376,1156,119,232,58,963,536,3313,1896,228,1189,1829,1484,0,2884,429,217,55,101,21,1850,1069,716,418,51,247,392,324,0,652,64,35,21,21,2,432,205,1818,1039,120,659,1005,813,0,1528,290,116,21,51,13,842,775,2534,1457,171,906,1397,1137,0,2180,354,151,42,72,15,1274,980,779,439,57,283,432,347,0,704,75,66,13,29,6,576,89,798,179,434,613,185,1534,160,20,180,1354,1372,133,20,153,1219,162,27,27,135,692,74,617,1,621,71,300,64,63,20,124,121,88,6,82,0,80,8,38,11,11,1,5,22,185,27,158,0,166,19,92,19,19,7,19,29,2,2,0,0,2,0,2,0,0,0,0,0,275,35,240,0,248,27,132,30,30,8,24,51,417,39,377,1,373,44,168,34,33,12,100,70,303,39,37,0,76,227,24,8,0,0,8,16,279,31,37,0,68,211,95,28,42,70,25,1,0,0,0,1,94,28,42,70,24,93,27,44,71,22
IA,3,3081,1030,318,1733,1409,1668,4,2833,248,1972,803,16,68,17,205,1225,273,135,817,461,761,3,1125,100,777,357,9,16,2,64,1653,754,180,719,917,736,0,1514,139,1051,391,6,50,14,141,0,0,0,0,0,0,0,0,0,0,0,0,0,0,2878,1027,315,1536,1378,1497,3,2639,239,1828,748,15,66,16,205,203,3,3,197,31,171,1,194,9,144,55,1,2,1,0,1501,4,172,1325,419,1078,4,1410,91,1154,271,10,20,3,43,808,1,100,707,202,603,3,749,59,604,156,8,9,2,29,494,3,69,422,188,306,0,471,23,406,64,1,9,0,14,0,0,0,0,0,0,0,0,0,0,0,0,0,0,1302,4,169,1129,390,909,3,1220,82,1010,220,9,18,2,43,199,0,3,196,29,169,1,190,9,144,51,1,2,1,0,1580,1026,146,408,990,590,0,1423,157,818,532,6,48,14,162,417,272,35,110,259,158,0,376,41,173,201,1,7,0,35,1159,751,111,297,729,430,0,1043,116,645,327,5,41,14,127,1576,1023,146,407,988,588,0,1419,157,818,528,6,48,14,162,4,3,0,1,2,2,0,4,0,0,4,0,0,0,0,496,136,359,495,1,275,221,0,221,54,201,147,0,147,54,74,74,74,0,207,26,180,1,200,7,158,42,1,3,1,2,80,8,72,0,77,3,61,17,1,0,1,0,95,14,81,0,92,3,70,20,0,3,0,2,0,0,0,0,0,0,0,0,0,0,0,0,175,22,153,0,169,6,131,37,1,3,1,2,32,4,27,1,31,1,27,5,0,0,0,0,179,104,72,0,176,3,7,4,3,0,7,0,172,100,69,0,169,3,124,31,93,124,0,4,0,4,4,0,120,31,89,120,0,139,29,110,139,0
ID,2,1966,484,160,1322,840,1123,3,1729,237,1733,69,11,109,16,28,790,181,81,528,361,428,1,688,102,696,40,3,28,5,18,707,234,34,439,318,388,1,610,97,631,23,3,30,10,10,0,0,0,0,0,0,0,0,0,0,0,0,0,0,1497,415,115,967,679,816,2,1298,199,1327,63,6,58,15,28,469,69,45,355,161,307,1,431,38,406,6,5,51,1,0,1172,4,127,1041,368,802,2,1095,77,1032,40,6,74,8,12,508,3,69,436,177,330,1,472,36,450,25,3,18,5,7,324,0,21,303,96,227,1,304,20,298,9,1,9,2,5,0,0,0,0,0,0,0,0,0,0,0,0,0,0,832,3,90,739,273,557,2,776,56,748,34,4,27,7,12,340,1,37,302,95,245,0,319,21,284,6,2,47,1,0,794,480,33,281,472,321,1,634,160,701,29,5,35,8,16,282,178,12,92,184,98,0,216,66,246,15,0,10,0,11,383,234,13,136,222,161,0,306,77,333,14,2,21,8,5,665,412,25,228,406,259,0,522,143,579,29,2,31,8,16,129,68,8,53,66,62,1,112,17,122,0,3,4,0,0,251,90,123,213,38,245,112,0,112,133,164,84,0,84,80,81,28,28,53,249,24,225,0,239,10,231,7,2,7,1,1,52,4,48,0,52,0,48,2,0,1,0,1,122,12,110,0,116,6,116,4,1,1,0,0,0,0,0,0,0,0,0,0,0,0,0,0,174,16,158,0,168,6,164,6,1,2,0,1,75,8,67,0,71,4,67,1,1,5,1,0,129,70,21,0,91,38,4,3,0,0,3,1,125,67,21,0,88,37,22,9,10,19,3,0,0,0,0,0,22,9,10,19,3,31,14,15,29,2
IL,20,13177,3187,1349,8641,5291,7866,20,11378,1799,4690,7798,100,53,20,516,4684,813,473,3398,1822,2854,8,4196,488,2038,2396,32,23,2,193,5694,2274,708,2712,2944,2742,8,5039,655,1742,3638,53,10,12,239,85,3,82,29,56,0,79,6,43,34,4,2,0,2,10463,3087,1184,6192,4795,5652,16,9314,1149,3823,6068,89,35,14,434,2714,100,165,2449,496,2214,4,2064,650,867,1730,11,18,6,82,8152,39,824,7289,2074,6059,19,7023,1129,3279,4558,50,40,11,214,3420,23,331,3066,987,2425,8,3110,310,1618,1656,28,18,2,98,2094,11,338,1745,655,1432,7,1906,188,844,1194,9,5,3,39,85,3,82,29,56,0,79,6,43,34,4,2,0,2,5599,34,672,4893,1671,3913,15,5095,504,2505,2884,41,25,5,139,2553,5,152,2396,403,2146,4,1928,625,774,1674,9,15,6,75,5025,3148,525,1352,3217,1807,1,4355,670,1411,3240,50,13,9,302,1264,790,142,332,835,429,0,1086,178,420,740,4,5,0,95,3600,2263,370,967,2289,1310,1,3133,467,898,2444,44,5,9,200,4864,3053,512,1299,3124,1739,1,4219,645,1318,3184,48,10,9,295,161,95,13,53,93,68,0,136,25,93,56,2,3,0,7,1648,433,1164,1597,51,1912,936,58,994,918,1799,834,58,892,907,113,102,102,11,1226,60,1166,0,809,417,482,714,0,6,1,23,259,26,233,0,242,17,147,103,0,4,0,5,506,31,475,0,447,59,176,320,0,1,1,8,4,0,4,0,4,0,3,1,0,0,0,0,769,57,712,0,693,76,326,424,0,5,1,13,457,3,454,0,116,341,156,290,0,1,0,10,832,331,346,3,680,152,38,17,16,0,33,5,794,314,330,3,647,147,351,61,284,345,6,2,2,0,2,0,349,59,284,343,6,522,110,404,514,8
IN,3,5863,1261,492,4110,2359,3497,7,5647,216,3496,2085,17,44,16,205,3082,644,281,2157,1276,1803,3,2973,109,1857,1089,9,23,12,92,2150,603,167,1380,941,1206,3,2076,74,1176,851,7,13,3,100,48,0,48,8,40,0,46,2,23,24,0,0,0,1,5280,1247,448,3585,2225,3049,6,5095,185,3056,1964,16,36,15,193,583,14,44,525,134,448,1,552,31,440,121,1,8,1,12,3914,36,343,3535,1148,2760,6,3768,146,2579,1196,12,39,9,79,2099,30,208,1861,655,1441,3,2021,78,1402,621,6,20,6,44,1206,6,92,1108,360,844,2,1171,35,732,434,5,11,2,22,48,0,48,8,40,0,46,2,23,24,0,0,0,1,3353,36,300,3017,1023,2325,5,3238,115,2157,1079,11,31,8,67,561,0,43,518,125,435,1,530,31,422,117,1,8,1,12,1949,1225,149,575,1211,737,1,1879,70,917,889,5,5,7,126,983,614,73,296,621,362,0,952,31,455,468,3,3,6,48,944,597,75,272,581,362,1,905,39,444,417,2,2,1,78,1927,1211,148,568,1202,724,1,1857,70,899,885,5,5,7,126,22,14,1,7,9,13,0,22,0,18,4,0,0,0,0,636,325,306,631,5,703,514,15,529,174,608,435,15,450,158,95,79,79,16,790,41,747,2,769,21,479,277,4,9,3,18,183,12,171,0,176,7,127,47,1,2,1,5,515,24,489,2,504,11,282,213,3,5,2,10,28,2,26,0,27,1,16,11,0,0,0,1,726,38,686,2,707,19,425,271,4,7,3,16,64,3,61,0,62,2,54,6,0,2,0,2,373,238,95,0,333,40,36,30,6,0,36,0,337,208,89,0,297,40,103,53,49,102,1,3,0,3,3,0,100,53,46,99,1,149,82,65,147,2
KS,5,2588,705,175,1708,1132,1453,3,2320,268,1664,639,12,108,8,157,1353,315,80,958,572,778,3,1238,115,861,297,8,82,6,99,918,374,76,468,468,450,0,781,137,578,285,3,14,1,37,12,0,12,5,7,0,11,1,8,4,0,0,0,0,2283,689,156,1438,1045,1235,3,2030,253,1447,586,11,96,7,136,305,16,19,270,87,218,0,290,15,217,53,1,12,1,21,1466,5,101,1360,414,1049,3,1387,79,984,314,7,70,8,83,865,1,59,805,244,618,3,821,44,578,174,5,51,6,51,314,4,25,285,93,221,0,294,20,204,90,1,7,1,11,12,0,12,5,7,0,11,1,8,4,0,0,0,0,1191,5,84,1102,342,846,3,1126,65,790,268,6,58,7,62,275,0,17,258,72,203,0,261,14,194,46,1,12,1,21,1122,700,74,348,718,404,0,933,189,680,325,5,38,0,74,488,314,21,153,328,160,0,417,71,283,123,3,31,0,48,604,370,51,183,375,229,0,487,117,374,195,2,7,0,26,1092,684,72,336,703,389,0,904,188,657,318,5,38,0,74,30,16,2,12,15,15,0,29,1,23,7,0,0,0,0,346,154,180,334,12,379,240,5,245,134,339,209,5,214,125,40,31,31,9,311,27,284,0,290,21,210,81,0,8,0,12,98,7,91,0,94,4,73,17,0,3,0,5,178,16,162,0,167,11,115,61,0,2,0,0,0,0,0,0,0,0,0,0,0,0,0,0,276,23,253,0,261,15,188,78,0,5,0,5,35,4,31,0,29,6,22,3,0,3,0,7,89,45,27,0,72,17,3,1,2,0,3,0,86,44,25,0,69,17,28,9,18,27,1,0,0,0,0,0,28,9,18,27,1,31,12,18,30,1
KY,3,4538,861,352,3325,1706,2823,9,4403,135,3088,1193,7,38,15,197,2281,377,137,1767,776,1500,5,2213,68,1429,717,7,13,9,106,1515,370,121,1024,644,869,2,1486,29,1024,410,0,20,1,60,0,0,0,0,0,0,0,0,0,0,0,0,0,0,3796,747,258,2791,1420,2369,7,3699,97,2453,1127,7,33,10,166,742,114,94,534,286,454,2,704,38,635,66,0,5,5,31,3151,27,242,2882,825,2317,9,3065,86,2179,852,6,27,13,74,1699,26,102,1571,408,1286,5,1654,45,1095,537,6,9,9,43,923,1,68,854,248,673,2,906,17,635,259,0,13,1,15,0,0,0,0,0,0,0,0,0,0,0,0,0,0,2622,27,170,2425,656,1959,7,2560,62,1730,796,6,22,10,58,529,0,72,457,169,358,2,505,24,449,56,0,5,3,16,1387,834,110,443,881,506,0,1338,49,909,341,1,11,2,123,582,351,35,196,368,214,0,559,23,334,180,1,4,0,63,592,369,53,170,396,196,0,580,12,389,151,0,7,0,45,1174,720,88,366,764,410,0,1139,35,723,331,1,11,0,108,213,114,22,77,117,96,0,199,14,186,10,0,0,2,15,467,202,196,398,69,457,413,0,413,44,383,345,0,345,38,74,68,68,6,591,31,558,2,579,12,383,182,2,4,2,18,259,15,243,1,254,5,173,77,2,3,0,4,282,12,269,1,277,5,176,97,0,1,1,7,0,0,0,0,0,0,0,0,0,0,0,0,541,27,512,2,531,10,349,174,2,4,1,11,50,4,46,0,48,2,34,8,0,0,1,7,248,126,68,0,194,54,27,26,1,0,27,0,221,100,67,0,167,54,75,24,40,64,11,0,0,0,0,0,75,24,40,64,11,99,32,58,90,9
LA,9,4081,581,443,3057,1373,2694,14,3982,99,1536,2395,21,50,14,65,1306,264,143,899,481,821,4,1281,25,409,850,7,15,3,22,1545,299,144,1102,611,930,4,1518,27,631,856,5,13,4,36,39,1,38,16,23,0,39,0,17,19,1,1,0,1,2890,563,288,2039,1108,1774,8,2838,52,1057,1725,13,29,7,59,1191,18,155,1018,265,920,6,1144,47,479,670,8,21,7,6,3217,28,363,2826,790,2414,13,3129,88,1369,1735,17,41,10,45,929,22,107,800,222,703,4,910,19,337,556,4,11,2,19,1085,3,100,982,305,776,4,1063,22,539,513,4,8,1,20,39,1,38,16,23,0,39,0,17,19,1,1,0,1,2053,25,208,1820,543,1502,8,2012,41,893,1088,9,20,3,40,1164,3,155,1006,247,912,5,1117,47,476,647,8,21,7,5,864,553,80,231,583,280,1,853,11,167,660,4,9,4,20,377,242,36,99,259,118,0,371,6,72,294,3,4,1,3,460,296,44,120,306,154,0,455,5,92,343,1,5,3,16,837,538,80,219,565,272,0,826,11,164,637,4,9,4,19,27,15,0,12,18,8,1,27,0,3,23,0,0,0,1,285,130,146,276,9,773,278,9,287,486,735,246,9,255,480,38,32,32,6,392,31,361,0,387,5,177,200,3,4,1,7,76,6,70,0,75,1,32,42,1,0,0,1,253,22,231,0,249,4,121,124,1,3,1,3,21,1,20,0,21,0,11,7,1,1,0,1,350,29,321,0,345,5,164,173,3,4,1,5,42,2,40,0,42,0,13,27,0,0,0,2,389,129,103,1,233,156,30,24,3,0,27,3,359,105,100,1,206,153,61,31,30,61,0,0,0,0,0,0,61,31,30,61,0,105,54,51,105,0
MA,16,21135,8583,2047,10505,10602,10528,5,13720,7415,11922,7175,206,100,144,1588,17444,7828,1768,7848,9057,8384,3,10956,6488,9543,6163,167,74,131,1366,3052,738,248,2066,1377,1674,1,2237,815,1916,900,33,15,8,180,46,1,45,11,35,0,42,4,37,7,0,1,0,1,20542,8566,2017,9959,10445,10093,4,13235,7307,11496,7070,200,90,139,1547,593,17,30,546,157,435,1,485,108,426,105,6,10,5,41,6378,18,513,5847,1700,4674,4,5218,1160,4066,1467,71,51,30,693,3996,10,355,3631,1054,2940,2,3191,805,2374,917,49,26,20,610,1772,7,127,1638,499,1272,1,1529,243,1246,447,16,14,8,41,46,1,45,11,35,0,42,4,37,7,0,1,0,1,5814,17,483,5314,1564,4247,3,4762,1052,3657,1371,65,41,28,652,564,1,30,533,136,427,1,456,108,409,96,6,10,2,41,14757,8565,1534,4658,8902,5854,1,8502,6255,7856,5708,135,49,114,895,13448,7818,1413,4217,8003,5444,1,7765,5683,7169,5246,118,48,111,756,1280,731,121,428,878,402,0,708,572,670,453,17,1,0,139,14728,8549,1534,4645,8881,5846,1,8473,6255,7839,5699,135,49,111,895,29,16,0,13,21,8,0,29,0,17,9,0,0,3,0,4903,4389,503,4892,11,2561,2285,35,2320,241,1411,1135,35,1170,241,1150,1150,1150,0,1133,58,1074,1,1021,112,877,192,6,7,9,42,367,25,342,0,316,51,264,68,3,2,4,26,718,32,685,1,663,55,573,121,2,5,5,12,16,0,16,0,12,4,14,1,1,0,0,0,1101,57,1043,1,991,110,851,190,6,7,9,38,32,1,31,0,30,2,26,2,0,0,0,4,415,283,100,1,384,31,5,4,0,0,4,1,410,279,100,1,380,30,839,735,104,839,0,10,3,7,10,0,829,732,97,829,0,1070,932,138,1070,0
MD,16,8390,1908,664,5818,3245,5139,6,7887,503,3016,4920,58,53,36,307,3953,882,352,2719,1609,2343,1,3768,185,1389,2371,31,32,15,115,2543,779,141,1623,995,1546,2,2378,165,819,1626,9,10,6,73,98,5,93,36,62,0,96,2,34,57,1,1,1,4,6594,1661,498,4435,2640,3951,3,6242,352,2242,4054,41,43,22,192,1796,247,166,1383,605,1188,3,1645,151,774,866,17,10,14,115,5383,46,447,4890,1381,3997,5,5122,261,2279,2864,37,40,30,133,2572,13,255,2304,763,1808,1,2476,96,1063,1413,19,23,11,43,1317,1,56,1260,207,1109,1,1271,46,543,750,7,6,5,6,98,5,93,36,62,0,96,2,34,57,1,1,1,4,3987,14,316,3657,1006,2979,2,3843,144,1640,2220,27,30,17,53,1396,32,131,1233,375,1018,3,1279,117,639,644,10,10,13,80,3007,1862,217,928,1864,1142,1,2765,242,737,2056,21,13,6,174,1381,869,97,415,846,535,0,1292,89,326,958,12,9,4,72,1226,778,85,363,788,437,1,1107,119,276,876,2,4,1,67,2607,1647,182,778,1634,972,1,2399,208,602,1834,14,13,5,139,400,215,35,150,230,170,0,366,34,135,222,7,0,1,35,970,438,409,847,123,1847,940,76,1016,831,1634,847,76,923,711,213,93,93,120,714,39,675,0,705,9,280,413,3,6,4,8,235,21,214,0,234,1,94,131,2,2,3,3,345,9,336,0,338,7,125,212,1,3,1,3,6,1,5,0,6,0,3,3,0,0,0,0,586,31,555,0,578,8,222,346,3,5,4,6,128,8,120,0,127,1,58,67,0,1,0,2,481,264,58,5,327,154,54,13,9,0,22,32,427,251,49,5,305,122,138,66,60,126,12,0,0,0,0,0,138,66,60,126,12,217,100,104,204,13
ME,2,2372,637,245,1490,1145,1218,9,2297,75,2036,213,6,25,8,84,1085,230,126,729,467,611,7,1055,30,862,157,5,16,7,38,1215,402,114,699,650,564,1,1171,44,1110,53,1,9,1,41,13,0,13,13,0,0,13,0,12,1,0,0,0,0,2313,632,240,1441,1130,1175,8,2239,74,1984,211,6,25,8,79,59,5,5,49,15,43,1,58,1,52,2,0,0,0,5,1219,18,154,1047,434,778,7,1186,33,1076,78,6,19,6,34,716,11,85,620,233,477,6,696,20,618,59,5,12,5,17,441,7,65,369,179,261,1,429,12,401,16,1,7,1,15,13,0,13,13,0,0,13,0,12,1,0,0,0,0,1170,18,150,1002,425,738,7,1138,32,1031,76,6,19,6,32,49,0,4,45,9,40,0,48,1,45,2,0,0,0,2,1153,619,91,443,711,440,2,1111,42,960,135,0,6,2,50,369,219,41,109,234,134,1,359,10,244,98,0,4,2,21,774,395,49,330,471,303,0,742,32,709,37,0,2,0,26,1143,614,90,439,705,437,1,1101,42,953,135,0,6,2,47,10,5,1,4,6,3,1,10,0,7,0,0,0,0,3,358,119,236,355,3,217,202,1,203,14,193,178,1,179,14,24,24,24,0,151,10,140,1,149,2,129,14,0,2,0,6,86,5,80,1,85,1,73,9,0,1,0,3,56,4,52,0,55,1,47,5,0,1,0,3,0,0,0,0,0,0,0,0,0,0,0,0,142,9,132,1,140,2,120,14,0,2,0,6,9,1,8,0,9,0,9,0,0,0,0,0,146,91,54,0,145,1,18,11,7,0,18,0,128,80,47,0,127,1,56,30,25,55,1,0,0,0,0,0,56,30,25,55,1,67,31,34,65,2
MI,21,10516,2686,1224,6606,4309,6203,4,9986,530,4612,5343,29,79,22,431,5393,1235,588,3570,2157,3236,0,5160,233,2334,2807,14,47,10,181,3996,1398,532,2066,1850,2146,0,3748,248,1672,2067,12,22,8,215,55,0,55,4,51,0,54,1,20,35,0,0,0,0,9444,2633,1120,5691,4011,5433,0,8962,482,4026,4909,26,69,18,396,1072,53,104,915,298,770,4,1024,48,586,434,3,10,4,35,6546,154,852,5540,1838,4704,4,6323,223,3085,3197,24,42,13,185,3593,80,426,3087,1029,2564,0,3454,139,1741,1712,12,28,6,94,1905,67,325,1513,545,1360,0,1856,49,792,1036,9,7,3,58,55,0,55,4,51,0,54,1,20,35,0,0,0,0,5553,147,751,4655,1578,3975,0,5364,189,2553,2783,21,35,9,152,993,7,101,885,260,729,4,959,34,532,414,3,7,4,33,3970,2532,372,1066,2471,1499,0,3663,307,1527,2146,5,37,9,246,1800,1155,162,483,1128,672,0,1706,94,593,1095,2,19,4,87,2091,1331,207,553,1305,786,0,1892,199,880,1031,3,15,5,157,3891,2486,369,1036,2433,1458,0,3598,293,1473,2126,5,34,9,244,79,46,3,30,38,41,0,65,14,54,20,0,3,0,2,1285,573,688,1261,24,935,613,8,621,314,830,511,8,519,311,105,102,102,3,1067,65,1001,1,1048,19,462,560,1,5,4,35,373,29,344,0,367,6,187,175,0,3,0,8,588,28,560,0,578,10,222,338,1,1,3,23,30,0,30,0,30,0,16,14,0,0,0,0,991,57,934,0,975,16,425,527,1,4,3,31,76,8,67,1,73,3,37,33,0,1,1,4,975,490,390,0,880,95,160,79,74,0,153,7,815,411,316,0,727,88,262,111,149,260,2,0,0,0,0,0,262,111,149,260,2,400,168,228,396,4
MN,10,7546,2607,993,3946,3693,3826,27,6937,609,2641,3466,117,663,29,630,3764,1115,426,2223,1676,2079,9,3403,361,1170,1878,47,293,16,360,2941,1374,445,1122,1724,1201,16,2747,194,966,1449,64,222,13,227,0,0,0,0,0,0,0,0,0,0,0,0,0,0,6705,2489,871,3345,3400,3280,25,6150,555,2136,3327,111,515,29,587,841,118,122,601,293,546,2,787,54,505,139,6,148,0,43,3622,142,635,2845,1250,2351,21,3362,260,1595,1444,41,296,13,233,2101,75,268,1758,660,1433,8,1936,165,761,1019,26,129,10,156,886,49,274,563,412,463,11,835,51,437,330,11,60,3,45,0,0,0,0,0,0,0,0,0,0,0,0,0,0,2987,124,542,2321,1072,1896,19,2771,216,1198,1349,37,189,13,201,635,18,93,524,178,455,2,591,44,397,95,4,107,0,32,3924,2465,358,1101,2443,1475,6,3575,349,1046,2022,76,367,16,397,1663,1040,158,465,1016,646,1,1467,196,409,859,21,164,6,204,2055,1325,171,559,1312,738,5,1912,143,529,1119,53,162,10,182,3718,2365,329,1024,2328,1384,6,3379,339,938,1978,74,326,16,386,206,100,29,77,115,91,0,196,10,108,44,2,41,0,11,1192,521,600,1121,71,1396,1054,0,1054,342,1124,833,0,833,291,272,221,221,51,297,31,266,0,278,19,192,73,1,17,2,12,130,15,115,0,122,8,86,33,0,5,1,5,123,11,112,0,116,7,81,35,0,3,1,3,0,0,0,0,0,0,0,0,0,0,0,0,253,26,227,0,238,15,167,68,0,8,2,8,44,5,39,0,40,4,25,5,1,9,0,4,733,331,308,0,639,94,131,72,41,0,113,18,602,259,267,0,526,76,276,121,139,260,16,13,0,12,12,1,263,121,127,248,15,373,183,169,352,21
MO,8,6482,1903,678,3901,3051,3430,1,6229,253,3550,2565,21,41,26,279,3379,1058,263,2058,1743,1636,0,3270,109,1841,1343,18,24,0,153,1973,665,308,1000,1014,959,0,1863,110,943,911,2,9,19,89,59,3,56,4,55,0,56,3,28,29,0,0,0,2,5411,1723,574,3114,2761,2650,0,5189,222,2812,2283,20,33,19,244,1071,180,104,787,290,780,1,1040,31,738,282,1,8,7,35,3434,149,395,2890,1226,2207,1,3325,109,2071,1195,17,27,10,114,1786,88,154,1544,733,1053,0,1726,60,1040,650,14,20,0,62,795,37,153,605,310,485,0,766,29,417,333,2,2,9,32,59,3,56,4,55,0,56,3,28,29,0,0,0,2,2640,125,310,2205,1047,1593,0,2548,92,1485,1012,16,22,9,96,794,24,85,685,179,614,1,777,17,586,183,1,5,1,18,3048,1754,283,1011,1825,1223,0,2904,144,1479,1370,4,14,16,165,1593,970,109,514,1010,583,0,1544,49,801,693,4,4,0,91,1178,628,155,395,704,474,0,1097,81,526,578,0,7,10,57,2771,1598,264,909,1714,1057,0,2641,130,1327,1271,4,11,10,148,277,156,19,102,111,166,0,263,14,152,99,0,3,6,17,926,507,338,845,81,1025,600,52,652,373,875,484,52,536,339,150,116,116,34,540,38,502,0,525,15,350,167,2,6,1,14,193,16,177,0,187,6,136,49,2,3,0,3,221,12,209,0,217,4,121,94,0,2,1,3,16,0,16,0,15,1,6,9,0,0,0,1,430,28,402,0,419,11,263,152,2,5,1,7,110,10,100,0,106,4,87,15,0,1,0,7,474,210,180,3,393,81,101,56,27,0,83,18,373,154,153,3,310,63,109,54,50,104,5,7,3,4,7,0,102,51,46,97,5,173,90,75,165,8
MP,0, , , , , , , , , , , , , , , , , , , , , , , , , , , , , , , , , , , , , , , , , , , , , , , , , , , , , , , , , , , , , , , , , , , , , , , , , , , , , , , , , , , , , , , , , , , , , , , , , , , , , , , , , , , , , , , , , , , , , , , , , , , , , , , , , , , , , , , , , , , , , , , , , , , , , , , , , , , , , , , , , , , , , , , , , , , , , , , , , , , , , , , , , , , , , , , , , , , , , , , , , , , , , , , , , , , , , , , , , , , , , , , , , , , , , , , , , , , , , , , , , , , , , , , , , , , , , , , , , , , , , , , , , , , , , , , , , , , , , , , , , , , , , , , , , , , , , , , , , , , , , , , , , , , , , , , , , , , , , , , , , , , , , , , , , , , , , , , , , , , , , , , , , , , , , , , , , , , , , , , , , , , , , , , , , , , , , , , , , , , , , , 
MS,3,1983,340,105,1538,761,1222,0,1962,21,577,1372,2,10,14,8,523,115,19,389,217,306,0,518,5,190,317,0,5,11,0,618,190,40,388,278,340,0,617,1,107,508,0,2,0,1,0,0,0,0,0,0,0,0,0,0,0,0,0,0,1141,305,59,777,495,646,0,1135,6,297,825,0,7,11,1,842,35,46,761,266,576,0,827,15,280,547,2,3,3,7,1475,25,68,1382,428,1047,0,1459,16,460,989,2,8,8,8,369,17,13,339,106,263,0,364,5,127,231,0,5,6,0,324,8,17,299,90,234,0,323,1,79,244,0,0,0,1,0,0,0,0,0,0,0,0,0,0,0,0,0,0,693,25,30,638,196,497,0,687,6,206,475,0,5,6,1,782,0,38,744,232,550,0,772,10,254,514,2,3,2,7,508,315,37,156,333,175,0,503,5,117,383,0,2,6,0,154,98,6,50,111,43,0,154,0,63,86,0,0,5,0,294,182,23,89,188,106,0,294,0,28,264,0,2,0,0,448,280,29,139,299,149,0,448,0,91,350,0,2,5,0,60,35,8,17,34,26,0,55,5,26,33,0,0,1,0,152,54,84,138,14,243,67,0,67,176,233,67,0,67,166,10,0,0,10,206,14,192,0,206,0,88,116,0,1,1,0,33,2,31,0,33,0,12,21,0,0,0,0,54,8,46,0,54,0,18,36,0,0,0,0,0,0,0,0,0,0,0,0,0,0,0,0,87,10,77,0,87,0,30,57,0,0,0,0,119,4,115,0,119,0,58,59,0,1,1,0,93,30,25,0,55,38,25,17,8,0,25,0,68,13,17,0,30,38,9,1,6,7,2,0,0,0,0,0,9,1,6,7,2,21,1,12,13,8
MT,1,1709,374,225,1110,711,996,2,1579,130,1281,38,0,321,5,64,535,121,40,374,261,274,0,487,48,381,14,0,110,1,29,302,119,26,157,157,144,1,284,18,242,4,0,41,0,15,0,0,0,0,0,0,0,0,0,0,0,0,0,0,837,240,66,531,418,418,1,771,66,623,18,0,151,1,44,872,134,159,579,293,578,1,808,64,658,20,0,170,4,20,1127,28,189,910,370,755,2,1064,63,888,25,0,166,5,43,346,7,31,308,133,213,0,326,20,271,9,0,47,1,18,132,15,13,104,59,72,1,123,9,112,1,0,9,0,10,0,0,0,0,0,0,0,0,0,0,0,0,0,0,478,22,44,412,192,285,1,449,29,383,10,0,56,1,28,649,6,145,498,178,470,1,615,34,505,15,0,110,4,15,582,346,36,200,341,241,0,515,67,393,13,0,155,0,21,189,114,9,66,128,61,0,161,28,110,5,0,63,0,11,170,104,13,53,98,72,0,161,9,130,3,0,32,0,5,359,218,22,119,226,133,0,322,37,240,8,0,95,0,16,223,128,14,81,115,108,0,193,30,153,5,0,60,0,5,182,63,57,120,62,166,26,0,26,140,154,23,0,23,131,12,3,3,9,277,25,252,0,268,9,241,5,0,21,1,9,52,11,41,0,49,3,42,1,0,7,0,2,46,4,42,0,45,1,41,1,0,2,0,2,0,0,0,0,0,0,0,0,0,0,0,0,98,15,83,0,94,4,83,2,0,9,0,4,179,10,169,0,174,5,158,3,0,12,1,5,171,30,11,0,41,130,13,5,1,0,6,7,158,25,10,0,35,123,41,8,18,26,15,9,1,6,7,2,32,7,12,19,13,55,9,22,31,24
NC,12,10685,2295,841,7549,4185,6487,13,10147,538,4494,5711,57,173,17,233,5672,1142,459,4071,2263,3403,6,5470,202,2140,3222,49,105,12,144,2588,752,138,1698,1127,1455,6,2475,113,849,1651,3,24,1,60,0,0,0,0,0,0,0,0,0,0,0,0,0,0,8260,1894,597,5769,3390,4858,12,7945,315,2989,4873,52,129,13,204,2425,401,244,1780,795,1629,1,2202,223,1505,838,5,44,4,29,7156,81,592,6483,1982,5167,7,6873,283,3329,3587,42,85,10,103,3934,53,342,3539,1125,2803,6,3837,97,1731,2066,36,30,8,63,1438,12,70,1356,427,1011,0,1385,53,628,784,1,13,1,11,0,0,0,0,0,0,0,0,0,0,0,0,0,0,5372,65,412,4895,1552,3814,6,5222,150,2359,2850,37,43,9,74,1784,16,180,1588,430,1353,1,1651,133,970,737,5,42,1,29,3529,2214,249,1066,2203,1320,6,3274,255,1165,2124,15,88,7,130,1738,1089,117,532,1138,600,0,1633,105,409,1156,13,75,4,81,1150,740,68,342,700,444,6,1090,60,221,867,2,11,0,49,2888,1829,185,874,1838,1044,6,2723,165,630,2023,15,86,4,130,641,385,64,192,365,276,0,551,90,535,101,0,2,3,0,1110,565,356,921,189,1364,682,0,682,682,1253,605,0,605,648,111,77,77,34,1092,79,1013,0,1077,15,464,610,1,5,0,12,464,27,437,0,458,6,155,299,1,2,0,7,440,40,400,0,436,4,204,233,0,0,0,3,0,0,0,0,0,0,0,0,0,0,0,0,904,67,837,0,894,10,359,532,1,2,0,10,188,12,176,0,183,5,105,78,0,3,0,2,631,387,81,0,468,163,79,52,11,0,63,16,552,335,70,0,405,147,115,65,25,90,25,2,0,2,2,0,113,65,23,88,25,159,94,36,130,29
ND,1,1305,265,152,888,456,843,6,1215,90,774,232,16,184,5,94,640,127,55,458,200,440,0,590,50,323,148,7,96,5,61,179,38,56,85,68,111,0,177,2,95,41,7,18,0,18,0,0,0,0,0,0,0,0,0,0,0,0,0,0,819,165,111,543,268,551,0,767,52,418,189,14,114,5,79,486,100,41,345,188,292,6,448,38,356,43,2,70,0,15,864,21,124,719,196,667,1,800,64,551,134,11,105,5,58,467,13,45,409,94,373,0,426,41,276,80,5,61,5,40,124,4,50,70,28,96,0,122,2,75,27,4,10,0,8,0,0,0,0,0,0,0,0,0,0,0,0,0,0,591,17,95,479,122,469,0,548,43,351,107,9,71,5,48,273,4,29,240,74,198,1,252,21,200,27,2,34,0,10,441,244,28,169,260,176,5,415,26,223,98,5,79,0,36,173,114,10,49,106,67,0,164,9,47,68,2,35,0,21,55,34,6,15,40,15,0,55,0,20,14,3,8,0,10,228,148,16,64,146,82,0,219,9,67,82,5,43,0,31,213,96,12,105,114,94,5,196,17,156,16,0,36,0,5,123,51,20,71,52,138,68,0,68,70,70,52,0,52,18,68,16,16,52,137,3,134,0,133,4,100,15,1,15,0,6,52,1,51,0,52,0,39,6,0,4,0,3,38,0,38,0,37,1,29,6,1,1,0,1,0,0,0,0,0,0,0,0,0,0,0,0,90,1,89,0,89,1,68,12,1,5,0,4,47,2,45,0,44,3,32,3,0,10,0,2,142,60,53,0,113,29,18,15,3,0,18,0,124,45,50,0,95,29,11,7,4,11,0,0,0,0,0,0,11,7,4,11,0,17,11,6,17,0
NE,3,2744,635,292,1817,1012,1722,10,2347,397,1831,586,25,119,16,167,1493,301,94,1098,481,1002,10,1299,194,947,386,17,56,12,75,1128,334,179,615,501,627,0,930,198,793,190,8,50,3,84,0,0,0,0,0,0,0,0,0,0,0,0,0,0,2621,635,273,1713,982,1629,10,2229,392,1740,576,25,106,15,159,123,0,19,104,30,93,0,118,5,91,10,0,13,1,8,1720,27,214,1479,412,1298,10,1525,195,1180,370,15,78,8,69,1012,21,68,923,199,803,10,911,101,665,267,13,34,7,26,585,6,127,452,183,402,0,496,89,424,93,2,31,0,35,0,0,0,0,0,0,0,0,0,0,0,0,0,0,1597,27,195,1375,382,1205,10,1407,190,1089,360,15,65,7,61,123,0,19,104,30,93,0,118,5,91,10,0,13,1,8,1024,608,78,338,600,424,0,822,202,651,216,10,41,8,98,481,280,26,175,282,199,0,388,93,282,119,4,22,5,49,543,328,52,163,318,225,0,434,109,369,97,6,19,3,49,1024,608,78,338,600,424,0,822,202,651,216,10,41,8,98,0,0,0,0,0,0,0,0,0,0,0,0,0,0,0,327,152,175,327,0,322,266,0,266,56,257,201,0,201,56,65,65,65,0,247,9,237,1,236,11,182,55,3,5,0,2,95,2,92,1,89,6,67,26,2,0,0,0,136,7,129,0,131,5,99,29,1,5,0,2,0,0,0,0,0,0,0,0,0,0,0,0,231,9,221,1,220,11,166,55,3,5,0,2,16,0,16,0,16,0,16,0,0,0,0,0,238,83,137,0,220,18,29,19,10,0,29,0,209,64,127,0,191,18,47,11,36,47,0,0,0,0,0,0,47,11,36,47,0,69,18,51,69,0
NH,3,1445,382,142,921,616,826,3,1325,120,1312,64,6,2,1,60,770,167,65,538,304,466,0,731,39,709,35,5,2,0,19,535,206,67,262,275,257,3,458,77,468,26,0,0,0,41,8,0,8,0,8,0,8,0,8,0,0,0,0,0,1313,373,132,808,579,731,3,1197,116,1185,61,5,2,0,60,132,9,10,113,37,95,0,128,4,127,3,1,0,1,0,778,6,86,686,199,577,2,752,26,735,32,1,2,1,7,480,0,45,435,123,357,0,466,14,452,21,0,2,0,5,178,5,33,140,50,126,2,169,9,168,8,0,0,0,2,8,0,8,0,8,0,8,0,8,0,0,0,0,0,666,5,78,583,173,491,2,643,23,628,29,0,2,0,7,112,1,8,103,26,86,0,109,3,107,3,1,0,1,0,667,376,56,235,417,249,1,573,94,577,32,5,0,0,53,290,167,20,103,181,109,0,265,25,257,14,5,0,0,14,357,201,34,122,225,131,1,289,68,300,18,0,0,0,39,647,368,54,225,406,240,1,554,93,557,32,5,0,0,53,20,8,2,10,11,9,0,19,1,20,0,0,0,0,0,244,101,137,238,6,317,252,8,260,57,257,197,8,205,52,60,55,55,5,138,9,129,0,134,4,125,7,0,1,0,5,38,0,38,0,37,1,36,0,0,1,0,1,85,8,77,0,82,3,75,6,0,0,0,4,1,0,1,0,1,0,1,0,0,0,0,0,124,8,116,0,120,4,112,6,0,1,0,5,14,1,13,0,14,0,13,1,0,0,0,0,91,45,37,0,82,9,6,0,5,0,5,1,85,45,32,0,77,8,35,14,21,35,0,0,0,0,0,0,35,14,21,35,0,40,16,24,40,0
NJ,16,10098,2404,1074,6620,4156,5930,12,8279,1819,4336,5562,97,23,34,46,6877,1746,723,4408,2973,3896,8,5710,1167,3064,3673,63,18,31,28,2225,607,288,1330,936,1285,4,1816,409,828,1353,32,0,3,9,22,3,19,5,17,0,22,0,18,4,0,0,0,0,9124,2353,1014,5757,3914,5198,12,7548,1576,3910,5030,95,18,34,37,974,51,60,863,242,732,0,731,243,426,532,2,5,0,9,6189,46,619,5524,1726,4453,10,5303,886,2900,3179,63,9,20,18,3993,22,393,3578,1207,2780,6,3469,524,1956,1961,47,4,17,8,1278,24,167,1087,320,954,4,1127,151,529,728,14,0,3,4,22,3,19,5,17,0,22,0,18,4,0,0,0,0,5293,46,563,4684,1532,3751,10,4618,675,2503,2693,61,4,20,12,896,0,56,840,194,702,0,685,211,397,486,2,5,0,6,3909,2358,455,1096,2430,1477,2,2976,933,1436,2383,34,14,14,28,2884,1724,330,830,1766,1116,2,2241,643,1108,1712,16,14,14,20,947,583,121,243,616,331,0,689,258,299,625,18,0,0,5,3831,2307,451,1073,2382,1447,2,2930,901,1407,2337,34,14,14,25,78,51,4,23,48,30,0,46,32,29,46,0,0,0,3,1346,987,340,1327,19,1410,966,6,972,438,1182,746,6,752,430,228,220,220,8,696,49,647,0,632,64,314,377,4,1,0,0,284,25,259,0,256,28,137,146,1,0,0,0,330,20,310,0,304,26,142,185,3,0,0,0,2,0,2,0,2,0,1,1,0,0,0,0,616,45,571,0,562,54,280,332,4,0,0,0,80,4,76,0,70,10,34,45,0,1,0,0,643,395,189,3,587,56,47,23,24,0,47,0,596,372,165,3,540,56,369,265,102,367,2,0,0,0,0,0,369,265,102,367,2,492,351,136,487,5
NM,2,2629,701,205,1723,1086,1537,6,1517,1112,1728,213,12,587,17,72,1387,311,89,987,520,866,1,823,564,944,121,4,278,4,36,788,373,81,334,431,356,1,408,380,496,63,5,176,12,36,0,0,0,0,0,0,0,0,0,0,0,0,0,0,2175,684,170,1321,951,1222,2,1231,944,1440,184,9,454,16,72,454,17,35,402,135,315,4,286,168,288,29,3,133,1,0,1666,72,147,1447,496,1164,6,1096,570,1132,135,8,352,7,32,970,42,65,863,264,705,1,648,322,680,84,4,175,4,23,267,30,50,187,109,157,1,173,94,170,30,1,55,2,9,0,0,0,0,0,0,0,0,0,0,0,0,0,0,1237,72,115,1050,373,862,2,821,416,850,114,5,230,6,32,429,0,32,397,123,302,4,275,154,282,21,3,122,1,0,963,629,58,276,590,373,0,421,542,596,78,4,235,10,40,417,269,24,124,256,161,0,175,242,264,37,0,103,0,13,521,343,31,147,322,199,0,235,286,326,33,4,121,10,27,938,612,55,271,578,360,0,410,528,590,70,4,224,10,40,25,17,3,5,12,13,0,11,14,6,8,0,11,0,0,296,128,162,290,6,716,445,0,445,271,621,360,0,360,261,95,85,85,10,278,16,262,0,208,70,212,23,1,30,1,11,133,5,128,0,100,33,107,11,0,11,0,4,81,9,72,0,58,23,53,9,1,10,1,7,0,0,0,0,0,0,0,0,0,0,0,0,214,14,200,0,158,56,160,20,1,21,1,11,64,2,62,0,50,14,52,3,0,9,0,0,193,105,63,0,168,25,54,40,13,0,53,1,139,65,50,0,115,24,33,15,18,33,0,0,0,0,0,0,33,15,18,33,0,52,25,27,52,0
NV,3,8743,1395,1573,5775,2837,5901,5,7329,1414,4605,3213,235,187,73,430,3251,465,217,2569,1163,2085,3,2862,389,1679,1317,91,59,17,88,1262,113,149,1000,332,929,1,1121,141,856,343,2,23,17,21,15,1,14,5,10,0,14,1,11,4,0,0,0,0,4528,578,367,3583,1500,3024,4,3997,531,2546,1664,93,82,34,109,4215,817,1206,2192,1337,2877,1,3332,883,2059,1549,142,105,39,321,7858,833,1518,5507,2274,5580,4,6601,1257,4212,2814,223,160,70,379,2537,6,186,2345,710,1824,3,2258,279,1399,971,79,36,15,37,1094,11,125,958,223,871,0,999,95,745,291,2,19,16,21,15,1,14,5,10,0,14,1,11,4,0,0,0,0,3646,17,312,3317,938,2705,3,3271,375,2155,1266,81,55,31,58,4212,816,1206,2190,1336,2875,1,3330,882,2057,1548,142,105,39,321,885,562,55,268,563,321,1,728,157,393,399,12,27,3,51,714,459,31,224,453,261,0,604,110,280,346,12,23,2,51,168,102,24,42,109,58,1,122,46,111,52,0,4,1,0,882,561,55,266,562,319,1,726,156,391,398,12,27,3,51,3,1,0,2,1,2,0,2,1,2,1,0,0,0,0,279,218,60,278,1,594,113,4,117,477,585,104,4,108,477,9,9,9,0,860,101,757,2,777,83,526,254,17,17,8,38,139,7,131,1,132,7,91,41,1,1,1,4,377,14,363,0,357,20,261,103,1,5,3,4,0,0,0,0,0,0,0,0,0,0,0,0,516,21,494,1,489,27,352,144,2,6,4,8,344,80,263,1,288,56,174,110,15,11,4,30,2310,166,121,1,288,2022,825,5,4,0,9,816,1485,161,117,1,279,1206,48,31,17,48,0,5,1,4,5,0,43,30,13,43,0,74,49,25,74,0
NY,27,88250,31005,8944,48301,41697,46412,141,60227,28023,21705,60103,879,822,1368,3373,75646,29102,7695,38849,37612,37915,119,50503,25143,16766,52988,759,676,1316,3141,8400,1862,986,5552,3355,5039,6,6630,1770,2946,5037,66,95,40,216,182,1,181,21,161,0,132,50,85,86,1,7,1,2,84228,30964,8682,44582,40988,43115,125,57265,26963,19797,58111,826,778,1357,3359,4022,41,262,3719,709,3297,16,2962,1060,1908,1992,53,44,11,14,36135,154,3778,32203,10834,25163,138,27056,9079,10832,22517,481,320,598,1387,26729,85,2910,23734,8773,17839,117,19788,6941,6847,17469,387,213,553,1260,5261,63,613,4585,1373,3883,5,4222,1039,2036,2985,40,56,33,111,182,1,181,21,161,0,132,50,85,86,1,7,1,2,32172,148,3524,28500,10167,21883,122,24142,8030,8968,20540,428,276,587,1373,3963,6,254,3703,667,3280,16,2914,1049,1864,1977,53,44,11,14,52115,30851,5166,16098,30863,21249,3,33171,18944,10873,37586,398,502,770,1986,48917,29017,4785,15115,28839,20076,2,30715,18202,9919,35519,372,463,763,1881,3139,1799,373,967,1982,1156,1,2408,731,910,2052,26,39,7,105,52056,30816,5158,16082,30821,21232,3,33123,18933,10829,37571,398,502,770,1986,59,35,8,16,42,17,0,48,11,44,15,0,0,0,0,15361,14169,1175,15344,17,7116,4564,169,4733,2383,4327,1813,169,1982,2345,2789,2751,2751,38,2399,214,2182,3,1901,498,857,1468,12,24,7,31,884,100,782,2,702,182,311,551,4,6,3,9,1321,102,1218,1,1039,282,445,826,8,17,4,21,63,0,63,0,42,21,34,28,0,1,0,0,2268,202,2063,3,1783,485,790,1405,12,24,7,30,131,12,119,0,118,13,67,63,0,0,0,1,2626,1753,613,1,2367,259,133,78,50,0,128,5,2493,1675,563,1,2239,254,2470,2204,259,2463,7,10,7,2,9,1,2460,2197,257,2454,6,3013,2673,333,3006,7
OH,9,11182,2241,1082,7859,4349,6817,16,10799,383,5532,5084,35,59,18,454,6942,1424,634,4884,2813,4119,10,6704,238,3105,3499,30,32,8,268,3056,749,312,1995,1191,1863,2,2947,109,1628,1260,4,11,6,147,85,2,83,24,61,0,84,1,43,40,0,0,0,2,10083,2173,948,6962,4028,6043,12,9735,348,4776,4799,34,43,14,417,1099,68,134,897,321,774,4,1064,35,756,285,1,16,4,37,7565,50,764,6751,2125,5424,16,7334,231,3895,3392,20,45,17,196,4628,41,426,4161,1427,3191,10,4478,150,2198,2262,18,26,7,117,1877,7,208,1662,420,1455,2,1828,49,983,838,1,6,6,43,85,2,83,24,61,0,84,1,43,40,0,0,0,2,6590,48,636,5906,1871,4707,12,6390,200,3224,3140,19,32,13,162,975,2,128,845,254,717,4,944,31,671,252,1,13,4,34,3617,2191,318,1108,2224,1393,0,3465,152,1637,1692,15,14,1,258,2314,1383,208,723,1386,928,0,2226,88,907,1237,12,6,1,151,1179,742,104,333,771,408,0,1119,60,645,422,3,5,0,104,3493,2125,312,1056,2157,1336,0,3345,148,1552,1659,15,11,1,255,124,66,6,52,67,57,0,120,4,85,33,0,3,0,3,1108,669,404,1073,35,1275,847,40,887,388,1160,742,40,782,378,115,105,105,10,1183,50,1132,1,1163,20,633,520,1,4,2,23,505,32,472,1,499,6,262,224,1,1,2,15,557,16,541,0,546,11,304,246,0,2,0,5,11,0,11,0,11,0,5,6,0,0,0,0,1073,48,1024,1,1056,17,571,476,1,3,2,20,110,2,108,0,107,3,62,44,0,1,0,3,770,459,204,2,665,105,49,44,3,0,47,2,721,415,201,2,618,103,237,150,86,236,1,3,0,3,3,0,234,150,83,233,1,355,222,130,352,3
OK,8,3777,691,467,2619,1535,2237,5,3528,249,2458,732,7,411,11,158,2309,411,254,1644,1004,1302,3,2155,154,1506,472,4,231,9,87,665,176,90,399,262,401,2,623,42,440,136,2,65,2,20,25,0,25,10,15,0,24,1,17,4,0,3,0,1,2999,587,344,2068,1276,1718,5,2802,197,1963,612,6,299,11,108,778,104,123,551,259,519,0,726,52,495,120,1,112,0,50,2781,85,385,2311,910,1866,5,2626,155,1823,528,7,299,6,118,1714,38,214,1462,609,1102,3,1619,95,1142,348,4,160,4,56,372,0,61,311,93,277,2,360,12,258,61,2,38,2,11,25,0,25,10,15,0,24,1,17,4,0,3,0,1,2111,38,275,1798,712,1394,5,2003,108,1417,413,6,201,6,68,670,47,110,513,198,472,0,623,47,406,115,1,98,0,50,996,606,82,308,625,371,0,902,94,635,204,0,112,5,40,595,373,40,182,395,200,0,536,59,364,124,0,71,5,31,293,176,29,88,169,124,0,263,30,182,75,0,27,0,9,888,549,69,270,564,324,0,799,89,546,199,0,98,5,40,108,57,13,38,61,47,0,103,5,89,5,0,14,0,0,343,201,104,305,38,581,320,22,342,239,508,267,22,289,219,73,53,53,20,351,26,325,0,338,13,237,63,1,28,4,18,168,15,153,0,162,6,111,33,0,12,3,9,80,5,75,0,76,4,54,15,1,6,0,4,5,1,4,0,5,0,4,0,0,0,1,0,253,21,232,0,243,10,169,48,1,18,4,13,98,5,93,0,95,3,68,15,0,10,0,5,460,254,61,0,315,145,84,40,0,0,40,44,376,214,61,0,275,101,50,27,21,48,2,0,0,0,0,0,50,27,21,48,2,92,44,47,91,1
OR,7,13226,2545,1228,9453,5197,7977,52,11681,1545,10704,847,133,599,164,779,3214,497,259,2458,1296,1903,15,2850,364,2584,244,44,134,36,172,2608,608,258,1742,1052,1539,17,2255,353,2011,226,19,114,48,190,9,0,9,3,6,0,9,0,8,1,0,0,0,0,5831,1105,517,4209,2351,3448,32,5114,717,4603,471,63,248,84,362,7395,1440,711,5244,2846,4529,20,6567,828,6101,376,70,351,80,417,9461,397,983,8081,3044,6366,51,8619,842,7736,629,91,440,108,457,2424,39,215,2170,804,1606,14,2208,216,2006,172,28,96,19,103,1615,32,172,1411,474,1124,17,1495,120,1306,150,14,53,21,71,9,0,9,3,6,0,9,0,8,1,0,0,0,0,4048,71,387,3590,1281,2736,31,3712,336,3320,323,42,149,40,174,5413,326,596,4491,1763,3630,20,4907,506,4416,306,49,291,68,283,3765,2148,245,1372,2153,1611,1,3062,703,2968,218,42,159,56,322,790,458,44,288,492,297,1,642,148,578,72,16,38,17,69,993,576,86,331,578,415,0,760,233,705,76,5,61,27,119,1783,1034,130,619,1070,712,1,1402,381,1283,148,21,99,44,188,1982,1114,115,753,1083,899,0,1660,322,1685,70,21,60,12,134,1179,259,327,586,593,4011,999,9,1008,3003,3521,912,9,921,2600,490,87,87,403,1464,153,1306,5,1410,54,1226,102,8,54,16,58,286,27,258,1,276,10,235,24,3,9,2,13,483,66,416,1,467,16,407,43,1,12,4,16,0,0,0,0,0,0,0,0,0,0,0,0,769,93,674,2,743,26,642,67,4,21,6,29,695,60,632,3,667,28,584,35,4,33,10,29,1350,245,203,0,448,902,388,30,32,0,62,326,962,215,171,0,386,576,135,28,60,88,47,0,0,0,0,0,135,28,60,88,47,155,34,67,101,54
PA,16,15421,4312,1592,9517,6844,8553,24,13301,2120,6486,8202,77,77,32,547,7576,1890,742,4944,3221,4341,14,6761,815,2932,4381,36,29,21,177,6155,2359,715,3081,3098,3052,5,5398,757,2661,3128,27,5,10,324,262,12,250,99,162,1,254,8,137,103,1,1,0,20,13993,4249,1469,8275,6418,7555,20,12413,1580,5730,7612,64,35,31,521,1428,63,123,1242,426,998,4,888,540,756,590,13,42,1,26,8605,40,864,7701,2439,6142,24,7422,1183,4215,4103,53,70,17,147,4596,23,440,4133,1270,3312,14,4130,466,2126,2340,26,26,14,64,2418,8,290,2120,698,1715,5,2237,181,1290,1073,13,1,2,39,262,12,250,99,162,1,254,8,137,103,1,1,0,20,7276,31,742,6503,2067,5189,20,6621,655,3553,3516,40,28,16,123,1329,9,122,1198,372,953,4,801,528,662,587,13,42,1,24,6816,4272,728,1816,4405,2411,0,5879,937,2271,4099,24,7,15,400,2980,1867,302,811,1951,1029,0,2631,349,806,2041,10,3,7,113,3737,2351,425,961,2400,1337,0,3161,576,1371,2055,14,4,8,285,6717,4218,727,1772,4351,2366,0,5792,925,2177,4096,24,7,15,398,99,54,1,44,54,45,0,87,12,94,3,0,0,0,2,2299,1016,1253,2269,30,1590,846,194,1040,550,1442,715,194,909,533,148,131,131,17,1375,174,1200,1,1306,69,709,606,8,6,1,45,477,73,403,1,454,23,238,210,2,3,0,24,757,82,675,0,731,26,388,342,5,1,1,20,61,3,58,0,59,2,25,34,1,1,0,0,1295,158,1136,1,1244,51,651,586,8,5,1,44,80,16,64,0,62,18,58,20,0,1,0,1,871,457,276,12,745,126,37,21,7,0,28,9,834,436,269,12,717,117,573,246,327,573,0,4,0,4,4,0,569,246,323,569,0,792,331,461,792,0
PR,2,4518,363,248,3907,1237,3266,15,151,4367,1894,717,1,50,17,1839,399,46,29,324,117,282,0,10,389,188,65,0,0,1,145,959,209,74,676,364,588,7,49,910,376,99,0,17,2,465,63,3,60,16,47,0,1,62,29,3,0,0,0,31,1421,255,106,1060,497,917,7,60,1361,593,167,0,17,3,641,3097,108,142,2847,740,2349,8,91,3006,1301,550,1,33,14,1198,3929,13,187,3729,867,3052,10,133,3796,1676,659,1,42,17,1534,347,11,24,312,80,267,0,9,338,163,56,0,0,1,127,619,0,37,582,144,468,7,43,576,272,63,0,11,2,271,63,3,60,16,47,0,1,62,29,3,0,0,0,31,1029,11,64,954,240,782,7,53,976,464,122,0,11,3,429,2900,2,123,2775,627,2270,3,80,2820,1212,537,1,31,14,1105,589,350,61,178,370,214,5,18,571,218,58,0,8,0,305,52,35,5,12,37,15,0,1,51,25,9,0,0,0,18,340,209,37,94,220,120,0,6,334,104,36,0,6,0,194,392,244,42,106,257,135,0,7,385,129,45,0,6,0,212,197,106,19,72,113,79,5,11,186,89,13,0,2,0,93,170,15,106,121,49,1756,172,23,195,1561,1615,172,23,195,1420,141,0,0,141,164,33,131,0,9,155,87,20,0,3,1,53,13,3,10,0,0,13,10,1,0,0,0,2,41,24,17,0,4,37,27,4,0,0,1,9,1,0,1,0,0,1,1,0,0,0,0,0,55,27,28,0,4,51,38,5,0,0,1,11,109,6,103,0,5,104,49,15,0,3,0,42,173,31,28,3,62,111,13,11,0,0,11,2,160,20,28,3,51,109,35,4,27,31,4,0,0,0,0,0,35,4,27,31,4,57,8,41,49,8
RI,1,1111,252,89,770,418,691,2,831,280,765,287,4,7,2,46,743,131,55,557,255,486,2,560,183,557,138,4,5,1,38,332,119,26,187,147,185,0,240,92,187,135,0,2,0,8,0,0,0,0,0,0,0,0,0,0,0,0,0,0,1075,250,81,744,402,671,2,800,275,744,273,4,7,1,46,36,2,8,26,16,20,0,31,5,21,14,0,0,1,0,706,0,43,663,156,548,2,601,105,528,143,3,7,2,23,530,0,33,497,122,406,2,445,85,403,99,3,5,1,19,143,0,2,141,21,122,0,128,15,104,33,0,2,0,4,0,0,0,0,0,0,0,0,0,0,0,0,0,0,673,0,35,638,143,528,2,573,100,507,132,3,7,1,23,33,0,8,25,13,20,0,28,5,21,11,0,0,1,0,405,252,46,107,262,143,0,230,175,237,144,1,0,0,23,213,131,22,60,133,80,0,115,98,154,39,1,0,0,19,189,119,24,46,126,63,0,112,77,83,102,0,0,0,4,402,250,46,106,259,143,0,227,175,237,141,1,0,0,23,3,2,0,1,3,0,0,3,0,0,3,0,0,0,0,112,59,52,111,1,130,118,0,118,12,110,100,0,100,10,20,18,18,2,107,4,103,0,105,2,81,23,0,1,0,2,35,1,34,0,34,1,25,8,0,1,0,1,70,2,68,0,69,1,55,14,0,0,0,1,0,0,0,0,0,0,0,0,0,0,0,0,105,3,102,0,103,2,80,22,0,1,0,2,2,1,1,0,2,0,1,1,0,0,0,0,47,34,5,0,39,8,4,1,3,0,4,0,43,33,2,0,35,8,35,13,22,35,0,0,0,0,0,0,35,13,22,35,0,44,11,33,44,0
SC,4,5354,782,301,4271,1970,3384,0,5216,138,2253,2926,11,43,19,102,1639,233,80,1326,627,1012,0,1594,45,698,871,5,16,9,40,1807,355,106,1346,696,1111,0,1762,45,754,1021,0,5,6,21,12,1,11,3,9,0,12,0,5,7,0,0,0,0,3458,588,187,2683,1326,2132,0,3368,90,1457,1899,5,21,15,61,1896,194,114,1588,644,1252,0,1848,48,796,1027,6,22,4,41,3934,23,187,3724,1097,2837,0,3857,77,1777,2015,10,27,9,96,1217,12,56,1149,370,847,0,1191,26,523,637,5,10,3,39,1236,8,58,1170,331,905,0,1216,20,626,584,0,5,2,19,12,1,11,3,9,0,12,0,5,7,0,0,0,0,2465,20,115,2330,704,1761,0,2419,46,1154,1228,5,15,5,58,1469,3,72,1394,393,1076,0,1438,31,623,787,5,12,4,38,1420,759,114,547,873,547,0,1359,61,476,911,1,16,10,6,422,221,24,177,257,165,0,403,19,175,234,0,6,6,1,571,347,48,176,365,206,0,546,25,128,437,0,0,4,2,993,568,72,353,622,371,0,949,44,303,671,0,6,10,3,427,191,42,194,251,176,0,410,17,173,240,1,10,0,3,510,136,196,332,178,1020,513,12,525,495,916,444,12,456,460,104,69,69,35,681,75,606,0,655,26,247,415,0,2,0,17,126,11,115,0,122,4,52,73,0,1,0,0,344,34,310,0,340,4,107,227,0,0,0,10,0,0,0,0,0,0,0,0,0,0,0,0,470,45,425,0,462,8,159,300,0,1,0,10,211,30,181,0,193,18,88,115,0,1,0,7,195,68,57,1,126,69,13,12,0,0,12,1,182,56,57,1,114,68,63,19,40,59,4,1,0,0,0,1,62,19,40,59,3,95,31,56,87,8
SD,1,1036,266,139,631,373,662,1,1020,16,403,87,3,524,3,16,642,148,79,415,233,409,0,637,5,229,51,2,351,3,6,258,103,35,120,102,156,0,250,8,129,31,1,88,0,9,0,0,0,0,0,0,0,0,0,0,0,0,0,0,900,251,114,535,335,565,0,887,13,358,82,3,439,3,15,136,15,25,96,38,97,1,133,3,45,5,0,85,0,1,630,15,100,515,145,484,1,616,14,283,44,2,289,3,9,412,6,62,344,103,309,0,409,3,173,32,2,197,3,5,94,2,13,79,10,84,0,86,8,69,7,0,15,0,3,0,0,0,0,0,0,0,0,0,0,0,0,0,0,506,8,75,423,113,393,0,495,11,242,39,2,212,3,8,124,7,25,92,32,91,1,121,3,41,5,0,77,0,1,406,251,39,116,228,178,0,404,2,120,43,1,235,0,7,230,142,17,71,130,100,0,228,2,56,19,0,154,0,1,164,101,22,41,92,72,0,164,0,60,24,1,73,0,6,394,243,39,112,222,172,0,392,2,116,43,1,227,0,7,12,8,0,4,6,6,0,12,0,4,0,0,8,0,0,125,71,51,122,3,95,67,0,67,28,85,59,0,59,26,10,8,8,2,177,10,167,0,177,0,113,17,0,44,2,1,85,8,77,0,85,0,42,11,0,29,2,1,85,1,84,0,85,0,68,6,0,11,0,0,0,0,0,0,0,0,0,0,0,0,0,0,170,9,161,0,170,0,110,17,0,40,2,1,7,1,6,0,7,0,3,0,0,4,0,0,108,68,15,0,83,25,8,6,2,0,8,0,100,62,13,0,75,25,29,11,18,29,0,0,0,0,0,0,29,11,18,29,0,36,17,19,36,0
TN,10,9123,1625,836,6662,3636,5467,20,8931,192,5370,3488,22,66,24,153,3540,575,398,2567,1408,2124,8,3446,94,1998,1424,12,17,14,75,2324,586,178,1560,1027,1295,2,2285,39,1104,1181,0,3,3,33,15,0,15,8,7,0,7,8,10,5,0,0,0,0,5879,1161,576,4142,2443,3426,10,5738,141,3112,2610,12,20,17,108,3244,464,260,2520,1193,2041,10,3193,51,2258,878,10,46,7,45,6516,31,687,5798,2120,4383,13,6392,124,4053,2281,19,51,15,97,2651,28,351,2272,859,1787,5,2587,64,1530,1026,9,17,7,62,1409,0,115,1294,433,975,1,1398,11,808,588,0,3,3,7,15,0,15,8,7,0,7,8,10,5,0,0,0,0,4075,28,466,3581,1300,2769,6,3992,83,2348,1619,9,20,10,69,2441,3,221,2217,820,1614,7,2400,41,1705,662,10,31,5,28,2607,1594,149,864,1516,1084,7,2539,68,1317,1207,3,15,9,56,889,547,47,295,549,337,3,859,30,468,398,3,0,7,13,915,586,63,266,594,320,1,887,28,296,593,0,0,0,26,1804,1133,110,561,1143,657,4,1746,58,764,991,3,0,7,39,803,461,39,303,373,427,3,793,10,553,216,0,15,2,17,869,295,283,578,291,1650,695,7,702,948,1492,641,7,648,844,158,54,54,104,945,60,885,0,935,10,517,409,2,3,1,13,335,19,316,0,331,4,184,145,1,0,0,5,419,31,388,0,415,4,204,208,0,1,1,5,2,0,2,0,2,0,2,0,0,0,0,0,756,50,706,0,748,8,390,353,1,1,1,10,189,10,179,0,187,2,127,56,1,2,0,3,673,341,113,0,454,219,14,3,0,0,3,11,659,338,113,0,451,208,65,24,12,36,29,0,0,0,0,0,65,24,12,36,29,94,33,16,49,45
TX,11,23678,4529,1712,17437,9038,14575,65,16750,6928,13713,8603,145,424,104,689,10244,1886,578,7780,4193,6022,29,7636,2608,5741,3857,69,168,45,364,5829,2349,524,2956,3271,2551,7,4017,1812,3126,2464,37,45,10,147,119,1,118,47,72,0,95,24,77,32,1,3,0,6,16192,4235,1103,10854,7511,8645,36,11748,4444,8944,6353,107,216,55,517,7486,294,609,6583,1527,5930,29,5002,2484,4769,2250,38,208,49,172,16265,239,1217,14809,4726,11479,60,12323,3942,9604,5743,100,347,81,390,7050,160,419,6471,2437,4588,25,5739,1311,3967,2690,52,124,29,188,2065,46,205,1814,836,1222,7,1698,367,1101,883,11,24,5,41,119,1,118,47,72,0,95,24,77,32,1,3,0,6,9234,206,625,8403,3320,5882,32,7532,1702,5145,3605,64,151,34,235,7031,33,592,6406,1406,5597,28,4791,2240,4459,2138,36,196,47,155,7413,4290,495,2628,4312,3096,5,4427,2986,4109,2860,45,77,23,299,3194,1726,159,1309,1756,1434,4,1897,1297,1774,1167,17,44,16,176,3764,2303,319,1142,2435,1329,0,2319,1445,2025,1581,26,21,5,106,6958,4029,478,2451,4191,2763,4,4216,2742,3799,2748,43,65,21,282,455,261,17,177,121,333,1,211,244,310,112,2,12,2,17,2316,986,1173,2159,157,4304,1823,92,1915,2389,3778,1451,92,1543,2235,526,372,372,154,2393,449,1941,3,2005,388,1345,899,14,58,8,69,785,143,641,1,665,120,422,318,8,10,2,25,686,109,576,1,598,88,354,305,2,7,3,15,19,2,17,0,16,3,11,3,1,2,0,2,1490,254,1234,2,1279,211,787,626,11,19,5,42,903,195,707,1,726,177,558,273,3,39,3,27,1416,566,230,1,797,619,218,155,30,0,185,33,1198,411,200,1,612,586,161,59,99,158,3,3,1,2,3,0,158,58,97,155,3,252,84,160,244,8
UT,3,3025,764,199,2062,1176,1842,7,2365,660,2359,311,35,128,74,118,1912,428,114,1370,713,1193,6,1491,421,1446,217,23,92,47,87,865,326,56,483,401,463,1,659,206,704,82,11,18,25,25,22,1,21,9,13,0,16,6,18,3,0,0,0,1,2799,754,171,1874,1123,1669,7,2166,633,2168,302,34,110,72,113,226,10,28,188,53,173,0,199,27,191,9,1,18,2,5,1809,11,124,1674,443,1360,6,1536,273,1473,178,17,70,22,49,1232,11,69,1152,313,913,6,1020,212,982,136,10,52,17,35,351,0,28,323,77,274,0,316,35,300,30,6,3,3,9,22,1,21,9,13,0,16,6,18,3,0,0,0,1,1605,11,98,1496,399,1200,6,1352,253,1300,169,16,55,20,45,204,0,26,178,44,160,0,184,20,173,9,1,15,2,4,1216,753,75,388,733,482,1,829,387,886,133,18,58,52,69,680,417,45,218,400,280,0,471,209,464,81,13,40,30,52,514,326,28,160,324,189,1,343,171,404,52,5,15,22,16,1194,743,73,378,724,469,1,814,380,868,133,18,55,52,68,22,10,2,10,9,13,0,15,7,18,0,0,3,0,1,364,208,149,357,7,233,213,2,215,18,178,163,2,165,13,55,50,50,5,337,17,320,0,303,34,292,26,4,9,2,4,128,6,122,0,113,15,112,9,1,5,1,0,183,8,175,0,166,17,158,15,3,2,1,4,2,2,0,0,2,0,1,1,0,0,0,0,313,16,297,0,281,32,271,25,4,7,2,4,24,1,23,0,22,2,21,1,0,2,0,0,132,78,27,1,106,26,11,11,0,0,11,0,121,67,27,1,95,26,34,22,12,34,0,0,0,0,0,0,34,22,12,34,0,40,27,13,40,0
VA,16,7001,1769,576,4656,2803,4191,7,6517,484,2703,3761,110,62,17,348,4453,993,352,3108,1737,2713,3,4158,295,1751,2344,61,40,13,244,1688,742,136,810,849,838,1,1557,131,529,1038,37,9,1,74,49,1,48,21,28,0,46,3,13,36,0,0,0,0,6190,1735,489,3966,2607,3579,4,5761,429,2293,3418,98,49,14,318,811,34,87,690,196,612,3,756,55,410,343,12,13,3,30,4190,12,369,3809,1079,3104,7,3968,222,1842,2073,45,47,9,174,2884,12,231,2641,777,2104,3,2738,146,1231,1446,30,29,5,143,501,0,53,448,115,385,1,481,20,202,287,3,5,1,3,49,1,48,21,28,0,46,3,13,36,0,0,0,0,3434,12,285,3137,913,2517,4,3265,169,1446,1769,33,34,6,146,756,0,84,672,166,587,3,703,53,396,304,12,13,3,28,2811,1757,207,847,1724,1087,0,2549,262,861,1688,65,15,8,174,1569,981,121,467,960,609,0,1420,149,520,898,31,11,8,101,1187,742,83,362,734,453,0,1076,111,327,751,34,4,0,71,2756,1723,204,829,1694,1062,0,2496,260,847,1649,65,15,8,172,55,34,3,18,30,25,0,53,2,14,39,0,0,0,2,890,506,368,874,16,1158,769,20,789,369,1041,682,20,702,339,117,87,87,30,604,83,521,0,575,29,234,346,0,7,1,16,370,39,331,0,350,20,136,218,0,4,0,12,131,36,95,0,129,2,38,89,0,1,0,3,12,3,9,0,11,1,2,10,0,0,0,0,513,78,435,0,490,23,176,317,0,5,0,15,91,5,86,0,85,6,58,29,0,2,1,1,330,241,46,1,288,42,12,12,0,0,12,0,318,229,46,1,276,42,129,71,56,127,2,0,0,0,0,0,129,71,56,127,2,187,101,85,186,1
VI,1,337,19,14,304,82,255,0,308,29,42,260,2,8,0,25,53,10,4,39,27,26,0,51,2,4,45,1,2,0,1,32,9,2,21,8,24,0,29,3,2,30,0,0,0,0,0,0,0,0,0,0,0,0,0,0,0,0,0,0,85,19,6,60,35,50,0,80,5,6,75,1,2,0,1,252,0,8,244,47,205,0,228,24,36,185,1,6,0,24,308,0,12,296,59,249,0,279,29,42,232,1,8,0,25,36,0,2,34,11,25,0,34,2,4,29,0,2,0,1,20,0,2,18,1,19,0,17,3,2,18,0,0,0,0,0,0,0,0,0,0,0,0,0,0,0,0,0,0,56,0,4,52,12,44,0,51,5,6,47,0,2,0,1,252,0,8,244,47,205,0,228,24,36,185,1,6,0,24,29,19,2,8,23,6,0,29,0,0,28,1,0,0,0,17,10,2,5,16,1,0,17,0,0,16,1,0,0,0,12,9,0,3,7,5,0,12,0,0,12,0,0,0,0,29,19,2,8,23,6,0,29,0,0,28,1,0,0,0,0,0,0,0,0,0,0,0,0,0,0,0,0,0,0,10,7,3,10,0,22,4,0,4,18,22,4,0,4,18,0,0,0,0,34,1,33,0,32,2,6,26,0,1,0,1,4,0,4,0,2,2,2,1,0,1,0,0,0,0,0,0,0,0,0,0,0,0,0,0,0,0,0,0,0,0,0,0,0,0,0,0,4,0,4,0,2,2,2,1,0,1,0,0,30,1,29,0,30,0,4,25,0,0,0,1,12,2,2,0,4,8,0,0,0,0,0,0,12,2,2,0,4,8,0,0,0,0,0,0,0,0,0,0,0,0,0,0,0,0,0,0,0,0
VT,2,1523,356,180,987,668,853,2,1476,47,1363,134,3,5,3,15,1082,263,122,697,512,568,2,1048,34,969,102,2,0,0,9,287,84,41,162,109,178,0,278,9,257,19,0,5,0,6,4,0,4,4,0,0,4,0,4,0,0,0,0,0,1373,347,163,863,625,746,2,1330,43,1230,121,2,5,0,15,150,9,17,124,43,107,0,146,4,133,13,1,0,3,0,910,6,120,784,305,603,2,880,30,806,91,3,2,3,5,623,4,79,540,224,397,2,605,18,552,66,2,0,0,3,148,1,25,122,43,105,0,140,8,132,12,0,2,0,2,4,0,4,4,0,0,4,0,4,0,0,0,0,0,775,5,104,666,271,502,2,749,26,688,78,2,2,0,5,135,1,16,118,34,101,0,131,4,118,13,1,0,3,0,613,350,60,203,363,250,0,596,17,557,43,0,3,0,10,459,259,43,157,288,171,0,443,16,417,36,0,0,0,6,139,83,16,40,66,73,0,138,1,125,7,0,3,0,4,598,342,59,197,354,244,0,581,17,542,43,0,3,0,10,15,8,1,6,9,6,0,15,0,15,0,0,0,0,0,201,151,46,197,4,166,111,0,111,55,139,84,0,84,55,27,27,27,0,119,5,114,0,115,4,107,10,0,2,0,0,42,1,41,0,42,0,40,2,0,0,0,0,71,4,67,0,68,3,61,8,0,2,0,0,0,0,0,0,0,0,0,0,0,0,0,0,113,5,108,0,110,3,101,10,0,2,0,0,6,0,6,0,5,1,6,0,0,0,0,0,101,62,25,0,87,14,4,2,1,0,3,1,97,60,24,0,84,13,34,24,10,34,0,1,1,0,1,0,33,23,10,33,0,35,25,10,35,0
WA,7,19419,4162,1881,13376,7457,11896,66,16681,2738,11860,4095,369,871,491,1733,6624,1367,494,4763,2414,4187,23,5795,829,3897,1698,127,249,217,436,5630,2300,713,2617,2954,2668,8,4763,867,3058,1577,106,154,154,581,44,1,43,20,24,0,41,3,24,11,3,3,2,1,12298,3667,1208,7423,5388,6879,31,10599,1699,6979,3286,236,406,373,1018,7121,495,673,5953,2069,5017,35,6082,1039,4881,809,133,465,118,715,12526,179,1239,11108,3466,9006,54,11034,1492,8253,2216,273,665,159,960,4375,73,275,4027,1107,3254,14,3871,504,2781,1139,104,166,41,144,1781,47,344,1390,686,1090,5,1566,215,1248,298,37,42,23,133,44,1,43,20,24,0,41,3,24,11,3,3,2,1,6200,120,620,5460,1813,4368,19,5478,722,4053,1448,144,211,66,278,6326,59,619,5648,1653,4638,35,5556,770,4200,768,129,454,93,682,6893,3983,642,2268,3991,2890,12,5647,1246,3607,1879,96,206,332,773,2249,1294,219,736,1307,933,9,1924,325,1116,559,23,83,176,292,3849,2253,369,1227,2268,1578,3,3197,652,1810,1279,69,112,131,448,6098,3547,588,1963,3575,2511,12,5121,977,2926,1838,92,195,307,740,795,436,54,305,416,379,0,526,269,681,41,4,11,25,33,2154,674,1262,1936,218,2482,999,28,1027,1455,2261,880,28,908,1353,221,119,119,102,1293,91,1197,5,1210,83,893,260,18,51,8,63,482,23,459,0,460,22,308,132,8,18,1,15,400,37,361,2,377,23,295,77,3,4,2,19,4,1,3,0,4,0,3,0,1,0,0,0,886,61,823,2,841,45,606,209,12,22,3,34,407,30,374,3,369,38,287,51,6,29,5,29,1341,337,362,1,700,641,154,68,23,0,91,63,1187,269,339,1,609,578,310,92,204,296,14,12,1,10,11,1,298,91,194,285,13,351,101,241,342,9
WI,4,6057,1987,550,3520,2748,3304,5,5544,513,3276,2153,55,224,44,305,3112,864,229,2019,1351,1759,2,2872,240,1721,1056,39,148,12,136,2443,1052,264,1127,1246,1196,1,2196,247,1261,917,14,69,31,151,60,2,58,23,37,0,60,0,31,27,1,0,1,0,5615,1916,495,3204,2620,2992,3,5128,487,3013,2000,54,217,44,287,442,71,55,316,128,312,2,416,26,263,153,1,7,0,18,2992,36,313,2643,811,2176,5,2849,143,1901,937,23,57,1,73,1765,25,147,1593,500,1263,2,1685,80,1148,528,20,33,0,36,822,3,122,697,225,596,1,776,46,507,271,1,17,0,26,60,2,58,23,37,0,60,0,31,27,1,0,1,0,2647,28,271,2348,748,1896,3,2521,126,1686,826,22,50,1,62,345,8,42,295,63,280,2,328,17,215,111,1,7,0,11,3065,1951,237,877,1937,1128,0,2695,370,1375,1216,32,167,43,232,1347,839,82,426,851,496,0,1187,160,573,528,19,115,12,100,1621,1049,142,430,1021,600,0,1420,201,754,646,13,52,31,125,2968,1888,224,856,1872,1096,0,2607,361,1327,1174,32,167,43,225,97,63,13,21,65,32,0,88,9,48,42,0,0,0,7,954,422,501,923,31,464,349,28,377,87,361,249,28,277,84,103,100,100,3,534,36,498,0,520,14,369,142,0,9,0,14,175,13,162,0,170,5,120,53,0,0,0,2,340,22,318,0,332,8,234,85,0,9,0,12,0,0,0,0,0,0,0,0,0,0,0,0,515,35,480,0,502,13,354,138,0,9,0,14,19,1,18,0,18,1,15,4,0,0,0,0,334,167,118,2,287,47,33,25,0,0,25,8,301,142,118,2,262,39,195,70,114,184,11,0,0,0,0,0,195,70,114,184,11,284,94,176,270,14
WV,4,1835,268,171,1396,626,1208,1,1796,39,1495,289,1,9,3,38,1020,133,85,802,330,689,1,994,26,814,179,1,4,3,19,370,95,36,239,161,209,0,366,4,287,65,0,2,0,16,13,0,13,7,6,0,12,1,12,1,0,0,0,0,1403,228,121,1054,498,904,1,1372,31,1113,245,1,6,3,35,432,40,50,342,128,304,0,424,8,382,44,0,3,0,3,1414,14,134,1266,401,1012,1,1395,19,1176,213,1,5,0,19,811,11,68,732,222,588,1,797,14,658,137,1,4,0,11,225,3,24,198,78,147,0,223,2,188,32,0,0,0,5,13,0,13,7,6,0,12,1,12,1,0,0,0,0,1049,14,92,943,307,741,1,1032,17,858,170,1,4,0,16,365,0,42,323,94,271,0,363,2,318,43,0,1,0,3,421,254,37,130,225,196,0,401,20,319,76,0,4,3,19,209,122,17,70,108,101,0,197,12,156,42,0,0,3,8,145,92,12,41,83,62,0,143,2,99,33,0,2,0,11,354,214,29,111,191,163,0,340,14,255,75,0,2,3,19,67,40,8,19,34,33,0,61,6,64,1,0,2,0,0,129,62,46,108,21,386,221,5,226,160,352,187,5,192,160,34,34,34,0,305,28,276,1,298,7,229,68,0,1,0,7,163,8,154,1,159,4,122,37,0,1,0,3,64,2,62,0,63,1,41,19,0,0,0,4,0,0,0,0,0,0,0,0,0,0,0,0,227,10,216,1,222,5,163,56,0,1,0,7,78,18,60,0,76,2,66,12,0,0,0,0,145,79,24,0,103,42,11,11,0,0,11,0,134,68,24,0,92,42,23,7,9,16,7,3,0,3,3,0,20,7,6,13,7,29,11,10,21,8
WY,1,798,187,59,552,295,503,0,669,129,628,30,0,97,1,42,231,27,21,183,58,173,0,179,52,190,10,0,14,0,17,276,110,15,151,136,140,0,237,39,238,11,0,11,0,16,0,0,0,0,0,0,0,0,0,0,0,0,0,0,507,137,36,334,194,313,0,416,91,428,21,0,25,0,33,291,50,23,218,101,190,0,253,38,200,9,0,72,1,9,500,4,43,453,113,387,0,429,71,402,23,0,57,1,17,187,2,17,168,34,153,0,157,30,157,9,0,12,0,9,105,0,8,97,25,80,0,96,9,92,7,0,3,0,3,0,0,0,0,0,0,0,0,0,0,0,0,0,0,292,2,25,265,59,233,0,253,39,249,16,0,15,0,12,208,2,18,188,54,154,0,176,32,153,7,0,42,1,5,298,183,16,99,182,116,0,240,58,226,7,0,40,0,25,44,25,4,15,24,20,0,22,22,33,1,0,2,0,8,171,110,7,54,111,60,0,141,30,146,4,0,8,0,13,215,135,11,69,135,80,0,163,52,179,5,0,10,0,21,83,48,5,30,47,36,0,77,6,47,2,0,30,0,4,93,16,55,71,22,102,37,0,37,65,86,35,0,35,51,16,2,2,14,112,4,108,0,103,9,91,3,0,12,1,5,33,0,33,0,32,1,27,1,0,2,0,3,50,4,46,0,45,5,45,1,0,2,0,2,0,0,0,0,0,0,0,0,0,0,0,0,83,4,79,0,77,6,72,2,0,4,0,5,29,0,29,0,26,3,19,1,0,8,1,0,37,18,8,0,26,11,4,2,0,0,2,2,33,16,8,0,24,9,12,4,7,11,1,0,0,0,0,0,12,4,7,11,1,20,5,14,19,1
Total,406,564708,127787,52973,383948,224344,339075,1289,452140,112568,273746,227937,6074,15136,8827,32988,259297,72992,22809,163496,113819,145029,449,204172,55125,110064,126093,2481,5683,3154,11822,130282,41485,13223,75574,59917,70157,208,107824,22458,64206,52981,1195,2721,1875,7304,1861,48,1813,588,1243,30,1618,243,1034,674,18,28,8,99,391440,114477,36080,240883,174324,216429,687,313614,77826,175304,179748,3694,8432,5037,19225,173268,13310,16893,143065,50020,122646,602,138526,34742,98442,48189,2380,6704,3790,13763,358422,4886,34909,318627,100184,257061,1177,299382,59040,192391,127395,4285,10187,3959,20205,139970,1724,12044,126202,42082,97469,419,119711,20259,68716,59548,1503,3329,1258,5616,63785,759,7372,55654,18388,45224,173,56179,7606,35408,24182,512,1071,438,2174,1861,48,1813,588,1243,30,1618,243,1034,674,18,28,8,99,205616,2483,19464,183669,61058,143936,622,177508,28108,105158,84404,2033,4428,1704,7889,152806,2403,15445,134958,39126,113125,555,121874,30932,87233,42991,2252,5759,2255,12316,206286,122901,18064,65321,124160,82014,112,152758,53528,81355,100542,1789,4949,4868,12783,119327,71268,10765,37294,71737,47560,30,84461,34866,41348,66545,978,2354,1896,6206,66497,40726,5851,19920,41529,24933,35,51645,14852,28798,28799,683,1650,1437,5130,185824,111994,16616,57214,113266,72493,65,136106,49718,70146,95344,1661,4004,3333,11336,20462,10907,1448,8107,10894,9521,47,16652,3810,11209,5198,128,945,1535,1447,64197,36752,21312,58064,6133,96275,35615,1152,36767,59508,83170,27203,1152,28355,54815,13105,8412,8412,4693,47725,4338,43295,92,42577,5148,27101,16407,351,1261,369,2236,13450,1218,12206,26,12395,1055,7591,4998,93,316,67,385,17683,1464,16197,22,16201,1482,9726,7070,105,236,100,446,372,26,346,0,332,40,204,144,6,7,1,10,31505,2708,28749,48,28928,2577,17521,12212,204,559,168,841,16220,1630,14546,44,13649,2571,9580,4195,147,702,201,1395,36907,11963,7827,48,19838,17069,4667,1575,712,0,2287,2380,32240,10388,7115,48,17551,14689,9901,5682,3780,9462,439,126,32,86,118,8,9775,5650,3694,9344,431,13242,7432,5237,12669,573
,,,,,,,,,,,,,,,,,,,,,,,,,,,,,,,,,,,,,,,,,,,,,,,,,,,,,,,,,,,,,,,,,,,,,,,,,,,,,,,,,,,,,,,,,,,,,,,,,,,,,,,,,,,,,,,,,,,,,,,,,,,,,,,,,,,,,,,,,,,,,,,,,,,,,,,,,,,,,,,,,,,,,,,,,,,,,,,,,,,,,,,,,,,,,,,,,,,,,,,,,,,,,,,,,,,,,,,,,,,,,,,,,,,,,,,,,,,,,,,,,,,,,,,,,,,,,,,,,,,,,,,,,,,,,,,,,,,,,,,,,,,,,,,,,,,,,,,,,,,,,,,,,,,,,,,,,,,,,,,,,,,,,,,,,,,,,,,,,,,,,,,,,,,,,,,,,,,,,,,,,,,,,,,,,,,,,,,,,,,,,,,
